OrderID,Date,Year,Quarter,Month,Region,Segment,Channel,Category,Product,SalesRep,Units,UnitPrice,Revenue,Cost,Profit
ORD-1000,2024-11-23,2024,Q4,Nov,North,Consumer,Online,Software,BI License,F. Shah,18,1136.32,20453.76,10060.41,10393.35
ORD-1001,2024-10-06,2024,Q4,Oct,North,SMB,Online,Software,Support Plan,B. Khan,3,981.45,2944.35,1518.08,1426.27
ORD-1002,2024-11-28,2024,Q4,Nov,North,SMB,Direct,Hardware,Peripheral,F. Shah,15,481.29,7219.35,3851.21,3368.14
ORD-1003,2024-08-04,2024,Q3,Aug,North,Enterprise,Partner,Services,Training,A. Rao,14,1099.46,15392.44,8480.9,6911.54
ORD-1004,2024-07-02,2024,Q3,Jul,West,SMB,Direct,Services,Implementation,E. Nair,3,990.27,2970.81,1814.77,1156.04
ORD-1005,2024-05-30,2024,Q2,May,South,SMB,Partner,Hardware,Peripheral,A. Rao,37,411.92,15241.04,7176.5,8064.54
ORD-1006,2024-04-29,2024,Q2,Apr,East,SMB,Partner,Software,Analytics Add-on,B. Khan,30,1417.69,42530.7,23793.79,18736.91
ORD-1007,2024-12-09,2024,Q4,Dec,South,Consumer,Direct,Services,Implementation,D. Iyer,5,932.38,4661.9,2337.2,2324.7
ORD-1008,2024-07-13,2024,Q3,Jul,North,Consumer,Direct,Services,Implementation,A. Rao,36,745.42,26835.12,14686.45,12148.67
ORD-1009,2024-06-10,2024,Q2,Jun,East,Enterprise,Direct,Services,Training,F. Shah,14,1078.31,15096.34,9362.06,5734.28
ORD-1010,2024-09-12,2024,Q3,Sep,East,SMB,Online,Services,Implementation,E. Nair,10,767.14,7671.4,4019.72,3651.68
ORD-1011,2024-08-07,2024,Q3,Aug,West,SMB,Direct,Hardware,Workstation,A. Rao,15,629.28,9439.2,4639.36,4799.84
ORD-1012,2024-02-26,2024,Q1,Feb,West,Enterprise,Online,Software,Support Plan,C. Mehta,28,1389.41,38903.48,21997.2,16906.28
ORD-1013,2024-10-10,2024,Q4,Oct,East,Consumer,Online,Software,Support Plan,C. Mehta,8,1450.83,11606.64,7092.71,4513.93
ORD-1014,2024-02-27,2024,Q1,Feb,East,Enterprise,Online,Services,Training,B. Khan,30,641.56,19246.8,12830.45,6416.35
ORD-1015,2024-09-16,2024,Q3,Sep,South,SMB,Online,Software,Support Plan,E. Nair,33,1398.46,46149.18,22883.15,23266.03
ORD-1016,2024-01-01,2024,Q1,Jan,East,SMB,Direct,Hardware,Workstation,A. Rao,2,390.2,780.4,436.16,344.24
ORD-1017,2024-05-03,2024,Q2,May,South,Enterprise,Direct,Hardware,Server,F. Shah,32,580.33,18570.56,13805.27,4765.29
ORD-1018,2024-08-31,2024,Q3,Aug,South,SMB,Online,Hardware,Server,F. Shah,34,595.56,20249.04,11682.51,8566.53
ORD-1019,2024-12-19,2024,Q4,Dec,West,SMB,Online,Software,Support Plan,D. Iyer,26,1676.51,43589.26,28113.48,15475.78
ORD-1020,2024-03-02,2024,Q1,Mar,South,Enterprise,Direct,Software,BI License,A. Rao,22,975.14,21453.08,13218.88,8234.2
ORD-1021,2024-12-28,2024,Q4,Dec,North,Enterprise,Online,Hardware,Server,B. Khan,5,604.46,3022.3,2139.46,882.84
ORD-1022,2024-05-22,2024,Q2,May,West,Enterprise,Direct,Hardware,Workstation,D. Iyer,35,395.72,13850.2,10119.71,3730.49
ORD-1023,2024-07-27,2024,Q3,Jul,North,Enterprise,Online,Software,BI License,F. Shah,28,1215.09,34022.52,19506.15,14516.37
ORD-1024,2024-11-26,2024,Q4,Nov,South,SMB,Direct,Software,BI License,E. Nair,22,1536.43,33801.46,16318.69,17482.77
ORD-1025,2024-08-17,2024,Q3,Aug,North,Enterprise,Partner,Software,Analytics Add-on,E. Nair,18,1293.09,23275.62,16580.29,6695.33
ORD-1026,2024-02-20,2024,Q1,Feb,South,Consumer,Direct,Software,Support Plan,D. Iyer,1,1657.68,1657.68,1206.64,451.04
ORD-1027,2024-09-05,2024,Q3,Sep,West,SMB,Partner,Services,Consulting,D. Iyer,4,719.03,2876.12,1296.11,1580.01
ORD-1028,2024-05-26,2024,Q2,May,South,Consumer,Partner,Services,Implementation,B. Khan,36,957.7,34477.2,20548.46,13928.74
ORD-1029,2024-01-30,2024,Q1,Jan,West,Consumer,Online,Hardware,Peripheral,E. Nair,4,561.95,2247.8,1050.06,1197.74
ORD-1030,2024-03-21,2024,Q1,Mar,South,Enterprise,Partner,Software,Support Plan,A. Rao,12,1009.34,12112.08,5697.38,6414.7
ORD-1031,2024-10-18,2024,Q4,Oct,East,Consumer,Partner,Software,Support Plan,B. Khan,3,1405.95,4217.85,2428.5,1789.35
ORD-1032,2024-12-08,2024,Q4,Dec,East,Enterprise,Partner,Hardware,Workstation,C. Mehta,17,466.86,7936.62,5170.76,2765.86
ORD-1033,2024-02-07,2024,Q1,Feb,South,Consumer,Online,Software,Analytics Add-on,C. Mehta,37,1677.19,62056.03,29289.09,32766.94
ORD-1034,2024-03-08,2024,Q1,Mar,East,Enterprise,Online,Services,Consulting,F. Shah,24,776.79,18642.96,10840.05,7802.91
ORD-1035,2024-09-27,2024,Q3,Sep,South,Consumer,Partner,Software,Support Plan,A. Rao,20,1630.86,32617.2,15691.35,16925.85
ORD-1036,2024-02-24,2024,Q1,Feb,East,Enterprise,Direct,Hardware,Peripheral,F. Shah,18,436.07,7849.26,4028.15,3821.11
ORD-1037,2024-11-20,2024,Q4,Nov,North,SMB,Online,Services,Implementation,D. Iyer,17,1074.56,18267.52,12857.25,5410.27
ORD-1038,2024-05-21,2024,Q2,May,West,SMB,Online,Software,BI License,F. Shah,9,1418.72,12768.48,6749.25,6019.23
ORD-1039,2024-08-06,2024,Q3,Aug,South,Enterprise,Online,Hardware,Server,A. Rao,5,615.16,3075.8,2021.74,1054.06
ORD-1040,2024-07-08,2024,Q3,Jul,North,Enterprise,Partner,Hardware,Peripheral,B. Khan,28,394.41,11043.48,5990.84,5052.64
ORD-1041,2024-12-15,2024,Q4,Dec,West,Enterprise,Online,Software,Support Plan,F. Shah,23,1521.68,34998.64,25032.44,9966.2
ORD-1042,2024-03-20,2024,Q1,Mar,East,Enterprise,Partner,Software,BI License,F. Shah,27,977.85,26401.95,17714.9,8687.05
ORD-1043,2024-05-07,2024,Q2,May,West,Consumer,Direct,Services,Consulting,B. Khan,7,823.62,5765.34,2661.38,3103.96
ORD-1044,2024-08-23,2024,Q3,Aug,East,Enterprise,Partner,Services,Training,A. Rao,15,651.36,9770.4,4962.77,4807.63
ORD-1045,2024-05-22,2024,Q2,May,East,Consumer,Direct,Services,Implementation,A. Rao,26,966.17,25120.42,17662.13,7458.29
ORD-1046,2024-05-13,2024,Q2,May,East,SMB,Partner,Software,Support Plan,E. Nair,3,1038.05,3114.15,1807.36,1306.79
ORD-1047,2024-09-18,2024,Q3,Sep,North,Consumer,Online,Software,Analytics Add-on,E. Nair,13,1143.4,14864.2,9849.55,5014.65
ORD-1048,2024-12-17,2024,Q4,Dec,East,Consumer,Online,Hardware,Peripheral,C. Mehta,13,458.34,5958.42,2806.37,3152.05
ORD-1049,2024-12-05,2024,Q4,Dec,West,SMB,Online,Software,Support Plan,C. Mehta,33,1182.68,39028.44,22344.48,16683.96
ORD-1050,2024-10-10,2024,Q4,Oct,East,SMB,Partner,Software,BI License,E. Nair,25,1447.67,36191.75,26088.52,10103.23
ORD-1051,2024-01-01,2024,Q1,Jan,East,Enterprise,Partner,Services,Training,D. Iyer,28,1017.16,28480.48,17999.62,10480.86
ORD-1052,2024-08-14,2024,Q3,Aug,South,Consumer,Online,Hardware,Server,A. Rao,31,574.31,17803.61,13138.17,4665.44
ORD-1053,2024-05-25,2024,Q2,May,South,Consumer,Online,Hardware,Peripheral,C. Mehta,40,450.5,18020.0,12533.4,5486.6
ORD-1054,2024-04-25,2024,Q2,Apr,North,Enterprise,Partner,Software,BI License,D. Iyer,3,1136.29,3408.87,2019.89,1388.98
ORD-1055,2024-11-18,2024,Q4,Nov,North,Consumer,Direct,Hardware,Server,D. Iyer,25,493.48,12337.0,6454.66,5882.34
ORD-1056,2024-04-22,2024,Q2,Apr,North,Consumer,Partner,Software,Support Plan,B. Khan,30,996.16,29884.8,15682.33,14202.47
ORD-1057,2024-08-25,2024,Q3,Aug,West,Consumer,Online,Hardware,Peripheral,F. Shah,39,445.67,17381.13,11759.64,5621.49
ORD-1058,2024-09-15,2024,Q3,Sep,East,SMB,Direct,Services,Implementation,F. Shah,11,996.95,10966.45,6496.55,4469.9
ORD-1059,2024-05-21,2024,Q2,May,East,Consumer,Direct,Hardware,Workstation,C. Mehta,16,434.14,6946.24,3287.27,3658.97
ORD-1060,2024-06-20,2024,Q2,Jun,South,Enterprise,Online,Services,Implementation,B. Khan,9,712.4,6411.6,3621.98,2789.62
ORD-1061,2024-02-02,2024,Q1,Feb,West,SMB,Partner,Services,Training,E. Nair,35,863.64,30227.4,14166.97,16060.43
ORD-1062,2024-12-22,2024,Q4,Dec,West,SMB,Partner,Software,Support Plan,E. Nair,31,964.25,29891.75,16605.69,13286.06
ORD-1063,2024-10-06,2024,Q4,Oct,West,SMB,Partner,Hardware,Server,F. Shah,15,433.69,6505.35,3875.19,2630.16
ORD-1064,2024-12-13,2024,Q4,Dec,North,Enterprise,Partner,Services,Implementation,E. Nair,30,1081.38,32441.4,24143.43,8297.97
ORD-1065,2024-10-15,2024,Q4,Oct,North,Enterprise,Partner,Hardware,Server,D. Iyer,28,396.64,11105.92,6535.94,4569.98
ORD-1066,2024-06-16,2024,Q2,Jun,West,SMB,Partner,Software,Analytics Add-on,A. Rao,22,1508.09,33177.98,18703.68,14474.3
ORD-1067,2024-08-28,2024,Q3,Aug,North,Consumer,Online,Software,Support Plan,A. Rao,4,1679.93,6719.72,3729.36,2990.36
ORD-1068,2024-01-16,2024,Q1,Jan,North,Enterprise,Online,Software,BI License,B. Khan,40,1069.72,42788.8,20875.21,21913.59
ORD-1069,2024-08-26,2024,Q3,Aug,North,SMB,Direct,Hardware,Workstation,C. Mehta,11,523.59,5759.49,4256.96,1502.53
ORD-1070,2024-02-25,2024,Q1,Feb,West,SMB,Online,Hardware,Server,B. Khan,37,542.88,20086.56,14812.87,5273.69
ORD-1071,2024-02-08,2024,Q1,Feb,North,Consumer,Online,Hardware,Peripheral,A. Rao,16,387.51,6200.16,4226.92,1973.24
ORD-1072,2024-06-26,2024,Q2,Jun,North,Consumer,Partner,Hardware,Workstation,D. Iyer,24,378.62,9086.88,5854.34,3232.54
ORD-1073,2024-02-24,2024,Q1,Feb,East,Consumer,Online,Services,Training,E. Nair,30,979.51,29385.3,17062.46,12322.84
ORD-1074,2024-09-04,2024,Q3,Sep,North,Consumer,Partner,Services,Training,D. Iyer,38,768.83,29215.54,20611.97,8603.57
ORD-1075,2024-05-04,2024,Q2,May,East,Consumer,Direct,Services,Implementation,D. Iyer,25,801.47,20036.75,11987.83,8048.92
ORD-1076,2024-04-18,2024,Q2,Apr,East,SMB,Online,Services,Training,A. Rao,18,1062.55,19125.9,12629.89,6496.01
ORD-1077,2024-09-21,2024,Q3,Sep,West,Enterprise,Online,Software,BI License,F. Shah,27,1311.78,35418.06,23993.94,11424.12
ORD-1078,2024-09-08,2024,Q3,Sep,East,Enterprise,Online,Services,Consulting,E. Nair,19,746.37,14181.03,9324.54,4856.49
ORD-1079,2024-07-07,2024,Q3,Jul,East,Consumer,Partner,Services,Implementation,F. Shah,23,844.24,19417.52,13083.15,6334.37
ORD-1080,2024-08-20,2024,Q3,Aug,North,SMB,Online,Services,Training,E. Nair,15,697.91,10468.65,5315.72,5152.93
ORD-1081,2024-12-19,2024,Q4,Dec,East,Enterprise,Direct,Software,BI License,B. Khan,31,1159.08,35931.48,22524.59,13406.89
ORD-1082,2024-05-31,2024,Q2,May,East,Enterprise,Direct,Software,Analytics Add-on,A. Rao,20,970.19,19403.8,11840.99,7562.81
ORD-1083,2024-10-10,2024,Q4,Oct,East,Enterprise,Partner,Services,Implementation,D. Iyer,32,689.24,22055.68,10006.21,12049.47
ORD-1084,2024-08-13,2024,Q3,Aug,North,Enterprise,Partner,Services,Consulting,D. Iyer,17,1091.71,18559.07,11011.44,7547.63
ORD-1085,2024-02-07,2024,Q1,Feb,East,Consumer,Direct,Hardware,Peripheral,B. Khan,4,400.97,1603.88,1112.04,491.84
ORD-1086,2024-03-01,2024,Q1,Mar,West,Consumer,Partner,Hardware,Workstation,D. Iyer,39,573.5,22366.5,11579.27,10787.23
ORD-1087,2024-06-01,2024,Q2,Jun,North,SMB,Direct,Hardware,Workstation,F. Shah,37,527.68,19524.16,12356.63,7167.53
ORD-1088,2024-04-18,2024,Q2,Apr,South,Enterprise,Direct,Services,Implementation,D. Iyer,11,755.14,8306.54,5113.49,3193.05
ORD-1089,2024-08-18,2024,Q3,Aug,East,SMB,Online,Hardware,Peripheral,D. Iyer,19,368.81,7007.39,3758.98,3248.41
ORD-1090,2024-02-06,2024,Q1,Feb,West,SMB,Direct,Hardware,Server,E. Nair,38,538.52,20463.76,14940.6,5523.16
ORD-1091,2024-04-25,2024,Q2,Apr,East,SMB,Online,Hardware,Server,F. Shah,10,379.28,3792.8,1895.55,1897.25
ORD-1092,2024-10-18,2024,Q4,Oct,East,Enterprise,Online,Services,Training,E. Nair,30,970.57,29117.1,19214.96,9902.14
ORD-1093,2024-09-09,2024,Q3,Sep,East,Consumer,Direct,Services,Consulting,A. Rao,3,1066.92,3200.76,2145.66,1055.1
ORD-1094,2024-04-27,2024,Q2,Apr,East,Consumer,Online,Hardware,Peripheral,A. Rao,2,629.88,1259.76,820.97,438.79
ORD-1095,2024-03-30,2024,Q1,Mar,West,Consumer,Online,Services,Implementation,D. Iyer,29,1079.71,31311.59,15795.03,15516.56
ORD-1096,2024-02-16,2024,Q1,Feb,South,SMB,Partner,Services,Training,D. Iyer,22,794.11,17470.42,8409.91,9060.51
ORD-1097,2024-12-21,2024,Q4,Dec,West,Consumer,Direct,Services,Training,C. Mehta,26,1030.51,26793.26,16478.63,10314.63
ORD-1098,2024-05-09,2024,Q2,May,West,SMB,Partner,Services,Consulting,A. Rao,33,1035.97,34187.01,15395.96,18791.05
ORD-1099,2024-04-06,2024,Q2,Apr,South,Consumer,Partner,Hardware,Workstation,E. Nair,32,528.86,16923.52,11474.1,5449.42
ORD-1100,2024-03-08,2024,Q1,Mar,South,Consumer,Online,Services,Training,B. Khan,32,698.28,22344.96,16578.71,5766.25
ORD-1101,2024-06-08,2024,Q2,Jun,North,Consumer,Partner,Hardware,Server,A. Rao,27,385.17,10399.59,7775.54,2624.05
ORD-1102,2024-11-27,2024,Q4,Nov,West,Consumer,Partner,Software,Analytics Add-on,B. Khan,19,1326.39,25201.41,13407.84,11793.57
ORD-1103,2024-08-21,2024,Q3,Aug,South,SMB,Direct,Hardware,Server,C. Mehta,13,608.9,7915.7,4768.99,3146.71
ORD-1104,2024-07-31,2024,Q3,Jul,West,SMB,Direct,Services,Implementation,D. Iyer,1,775.76,775.76,418.57,357.19
ORD-1105,2024-10-02,2024,Q4,Oct,East,SMB,Direct,Services,Training,F. Shah,36,1006.18,36222.48,20399.16,15823.32
ORD-1106,2024-05-02,2024,Q2,May,West,Enterprise,Partner,Hardware,Workstation,F. Shah,27,371.78,10038.06,6759.75,3278.31
ORD-1107,2024-11-29,2024,Q4,Nov,North,Enterprise,Partner,Software,Analytics Add-on,A. Rao,9,1321.65,11894.85,7458.71,4436.14
ORD-1108,2024-09-26,2024,Q3,Sep,South,Consumer,Direct,Services,Consulting,D. Iyer,10,836.79,8367.9,5409.3,2958.6
ORD-1109,2024-05-15,2024,Q2,May,West,Consumer,Partner,Services,Implementation,F. Shah,26,951.92,24749.92,17461.8,7288.12
ORD-1110,2024-09-06,2024,Q3,Sep,East,Consumer,Direct,Hardware,Server,F. Shah,5,423.39,2116.95,1387.28,729.67
ORD-1111,2024-02-16,2024,Q1,Feb,North,Consumer,Direct,Services,Consulting,C. Mehta,7,852.97,5970.79,3929.98,2040.81
ORD-1112,2024-01-29,2024,Q1,Jan,South,SMB,Direct,Services,Training,B. Khan,28,709.87,19876.36,12111.66,7764.7
ORD-1113,2024-02-10,2024,Q1,Feb,South,Consumer,Partner,Hardware,Workstation,F. Shah,16,494.37,7909.92,4943.28,2966.64
ORD-1114,2024-05-10,2024,Q2,May,East,Consumer,Online,Services,Training,E. Nair,1,1071.48,1071.48,631.72,439.76
ORD-1115,2024-03-21,2024,Q1,Mar,East,SMB,Partner,Software,Analytics Add-on,C. Mehta,38,1175.39,44664.82,32989.83,11674.99
ORD-1116,2024-04-11,2024,Q2,Apr,East,Enterprise,Online,Services,Training,C. Mehta,16,823.05,13168.8,7344.08,5824.72
ORD-1117,2024-01-12,2024,Q1,Jan,North,SMB,Online,Hardware,Workstation,F. Shah,1,512.8,512.8,336.26,176.54
ORD-1118,2024-09-11,2024,Q3,Sep,East,Consumer,Online,Services,Consulting,F. Shah,23,745.12,17137.76,8689.52,8448.24
ORD-1119,2024-12-03,2024,Q4,Dec,East,Consumer,Partner,Hardware,Server,A. Rao,7,603.92,4227.44,2722.06,1505.38
ORD-1120,2024-10-23,2024,Q4,Oct,West,Enterprise,Direct,Services,Implementation,B. Khan,6,1076.62,6459.72,3540.03,2919.69
ORD-1121,2024-03-08,2024,Q1,Mar,East,Consumer,Partner,Hardware,Workstation,C. Mehta,33,606.64,20019.12,13996.2,6022.92
ORD-1122,2024-06-22,2024,Q2,Jun,West,Enterprise,Online,Software,Analytics Add-on,C. Mehta,10,1502.99,15029.9,7780.74,7249.16
ORD-1123,2024-02-16,2024,Q1,Feb,East,SMB,Online,Services,Consulting,D. Iyer,35,699.32,24476.2,13720.76,10755.44
ORD-1124,2024-11-22,2024,Q4,Nov,East,Consumer,Online,Services,Consulting,B. Khan,15,866.31,12994.65,8262.83,4731.82
ORD-1125,2024-11-27,2024,Q4,Nov,North,SMB,Direct,Software,Support Plan,C. Mehta,20,1427.45,28549.0,13846.34,14702.66
ORD-1126,2024-09-09,2024,Q3,Sep,West,Enterprise,Online,Software,BI License,F. Shah,35,1057.68,37018.8,21696.46,15322.34
ORD-1127,2024-03-20,2024,Q1,Mar,East,Enterprise,Direct,Services,Implementation,F. Shah,32,935.51,29936.32,21904.88,8031.44
ORD-1128,2024-07-08,2024,Q3,Jul,East,SMB,Online,Software,Analytics Add-on,F. Shah,16,1575.92,25214.72,12098.18,13116.54
ORD-1129,2024-07-02,2024,Q3,Jul,West,SMB,Direct,Software,Analytics Add-on,F. Shah,13,1657.11,21542.43,15827.29,5715.14
ORD-1130,2024-04-18,2024,Q2,Apr,South,Consumer,Online,Hardware,Peripheral,B. Khan,2,373.66,747.32,411.07,336.25
ORD-1131,2024-02-05,2024,Q1,Feb,South,Consumer,Online,Hardware,Server,A. Rao,14,579.52,8113.28,4218.09,3895.19
ORD-1132,2024-05-21,2024,Q2,May,North,Consumer,Direct,Software,BI License,A. Rao,17,1534.93,26093.81,12602.73,13491.08
ORD-1133,2024-07-02,2024,Q3,Jul,West,SMB,Online,Software,Support Plan,A. Rao,2,1085.46,2170.92,1011.04,1159.88
ORD-1134,2024-02-02,2024,Q1,Feb,South,SMB,Online,Services,Training,A. Rao,33,924.96,30523.68,17874.72,12648.96
ORD-1135,2024-12-03,2024,Q4,Dec,West,SMB,Partner,Hardware,Workstation,F. Shah,2,376.42,752.84,446.96,305.88
ORD-1136,2024-02-25,2024,Q1,Feb,South,SMB,Direct,Services,Implementation,B. Khan,5,1071.65,5358.25,2929.0,2429.25
ORD-1137,2024-05-20,2024,Q2,May,East,Consumer,Partner,Hardware,Peripheral,E. Nair,36,552.28,19882.08,11218.89,8663.19
ORD-1138,2024-11-05,2024,Q4,Nov,South,Consumer,Partner,Services,Consulting,D. Iyer,8,1049.34,8394.72,5416.9,2977.82
ORD-1139,2024-04-26,2024,Q2,Apr,West,SMB,Partner,Services,Training,F. Shah,26,839.68,21831.68,10447.02,11384.66
ORD-1140,2024-05-10,2024,Q2,May,North,Consumer,Partner,Services,Consulting,A. Rao,31,672.22,20838.82,14577.41,6261.41
ORD-1141,2024-07-09,2024,Q3,Jul,North,Enterprise,Partner,Software,Support Plan,C. Mehta,38,1648.77,62653.26,38751.36,23901.9
ORD-1142,2024-12-06,2024,Q4,Dec,South,Enterprise,Direct,Services,Implementation,F. Shah,19,928.2,17635.8,9796.58,7839.22
ORD-1143,2024-09-03,2024,Q3,Sep,South,SMB,Partner,Software,BI License,E. Nair,36,1224.64,44087.04,29925.48,14161.56
ORD-1144,2024-11-14,2024,Q4,Nov,East,Consumer,Direct,Hardware,Peripheral,B. Khan,36,367.09,13215.24,9630.28,3584.96
ORD-1145,2024-05-19,2024,Q2,May,West,SMB,Direct,Hardware,Workstation,B. Khan,23,361.65,8317.95,5913.72,2404.23
ORD-1146,2024-11-20,2024,Q4,Nov,East,Consumer,Direct,Software,BI License,C. Mehta,34,1114.9,37906.6,21832.3,16074.3
ORD-1147,2024-06-08,2024,Q2,Jun,South,Consumer,Online,Hardware,Workstation,A. Rao,39,382.94,14934.66,6956.31,7978.35
ORD-1148,2024-12-11,2024,Q4,Dec,East,SMB,Direct,Software,Analytics Add-on,E. Nair,28,1309.68,36671.04,21365.03,15306.01
ORD-1149,2024-02-28,2024,Q1,Feb,East,Enterprise,Direct,Services,Training,B. Khan,19,965.54,18345.26,11519.73,6825.53
ORD-1150,2024-07-21,2024,Q3,Jul,South,Enterprise,Partner,Hardware,Server,C. Mehta,14,441.38,6179.32,3172.28,3007.04
ORD-1151,2024-06-16,2024,Q2,Jun,South,SMB,Online,Software,BI License,E. Nair,28,1086.5,30422.0,17159.9,13262.1
ORD-1152,2024-12-08,2024,Q4,Dec,North,SMB,Partner,Services,Consulting,E. Nair,3,849.39,2548.17,1498.14,1050.03
ORD-1153,2024-08-07,2024,Q3,Aug,East,Consumer,Direct,Hardware,Workstation,E. Nair,27,438.17,11830.59,6761.3,5069.29
ORD-1154,2024-08-23,2024,Q3,Aug,West,Enterprise,Online,Hardware,Workstation,A. Rao,28,588.01,16464.28,8610.74,7853.54
ORD-1155,2024-07-21,2024,Q3,Jul,North,SMB,Online,Services,Implementation,E. Nair,15,799.87,11998.05,6004.3,5993.75
ORD-1156,2024-04-09,2024,Q2,Apr,South,Consumer,Direct,Services,Training,E. Nair,10,753.41,7534.1,3721.34,3812.76
ORD-1157,2024-03-19,2024,Q1,Mar,West,Enterprise,Online,Hardware,Server,E. Nair,32,485.27,15528.64,9614.1,5914.54
ORD-1158,2024-11-25,2024,Q4,Nov,West,SMB,Online,Hardware,Peripheral,C. Mehta,21,400.76,8415.96,3959.59,4456.37
ORD-1159,2024-05-20,2024,Q2,May,North,SMB,Direct,Hardware,Server,C. Mehta,33,380.03,12540.99,7380.66,5160.33
ORD-1160,2024-05-26,2024,Q2,May,North,Enterprise,Partner,Software,Support Plan,E. Nair,40,1387.74,55509.6,31382.06,24127.54
ORD-1161,2024-11-29,2024,Q4,Nov,West,Consumer,Direct,Software,Analytics Add-on,C. Mehta,31,1320.98,40950.38,30193.4,10756.98
ORD-1162,2024-12-31,2024,Q4,Dec,West,Consumer,Online,Software,Support Plan,E. Nair,12,988.18,11858.16,7853.5,4004.66
ORD-1163,2024-11-08,2024,Q4,Nov,North,SMB,Online,Software,Analytics Add-on,F. Shah,19,1238.94,23539.86,16062.17,7477.69
ORD-1164,2024-06-20,2024,Q2,Jun,South,Enterprise,Partner,Software,Analytics Add-on,A. Rao,36,1448.43,52143.48,27909.49,24233.99
ORD-1165,2024-10-25,2024,Q4,Oct,West,SMB,Direct,Hardware,Server,E. Nair,20,621.28,12425.6,8195.23,4230.37
ORD-1166,2024-12-28,2024,Q4,Dec,South,Consumer,Online,Software,Analytics Add-on,F. Shah,25,1423.32,35583.0,19518.8,16064.2
ORD-1167,2024-12-16,2024,Q4,Dec,East,Consumer,Direct,Hardware,Server,B. Khan,28,497.29,13924.12,6342.01,7582.11
ORD-1168,2024-06-23,2024,Q2,Jun,North,Enterprise,Online,Services,Consulting,E. Nair,9,714.37,6429.33,3463.72,2965.61
ORD-1169,2024-09-26,2024,Q3,Sep,South,SMB,Direct,Software,Support Plan,F. Shah,40,1054.36,42174.4,23744.86,18429.54
ORD-1170,2024-11-15,2024,Q4,Nov,South,SMB,Partner,Software,Support Plan,E. Nair,3,1255.82,3767.46,2459.81,1307.65
ORD-1171,2024-05-25,2024,Q2,May,West,Enterprise,Direct,Hardware,Workstation,C. Mehta,35,424.58,14860.3,10991.85,3868.45
ORD-1172,2024-12-13,2024,Q4,Dec,West,SMB,Direct,Hardware,Workstation,B. Khan,19,570.09,10831.71,6508.47,4323.24
ORD-1173,2024-11-05,2024,Q4,Nov,North,Enterprise,Online,Software,Analytics Add-on,E. Nair,31,1589.36,49270.16,30368.27,18901.89
ORD-1174,2024-03-04,2024,Q1,Mar,West,Enterprise,Direct,Services,Consulting,B. Khan,18,855.67,15402.06,9302.93,6099.13
ORD-1175,2024-08-18,2024,Q3,Aug,West,SMB,Direct,Services,Consulting,C. Mehta,4,830.3,3321.2,1867.14,1454.06
ORD-1176,2024-04-24,2024,Q2,Apr,East,Enterprise,Partner,Software,Analytics Add-on,F. Shah,22,1529.79,33655.38,16534.21,17121.17
ORD-1177,2024-03-12,2024,Q1,Mar,East,SMB,Direct,Hardware,Workstation,B. Khan,40,361.42,14456.8,6849.17,7607.63
ORD-1178,2024-10-07,2024,Q4,Oct,East,Consumer,Direct,Hardware,Peripheral,A. Rao,28,390.02,10920.56,5858.12,5062.44
ORD-1179,2024-05-02,2024,Q2,May,West,Consumer,Online,Services,Implementation,E. Nair,30,670.15,20104.5,14093.38,6011.12
ORD-1180,2024-01-09,2024,Q1,Jan,North,Consumer,Online,Hardware,Peripheral,C. Mehta,16,554.01,8864.16,4763.44,4100.72
ORD-1181,2024-05-03,2024,Q2,May,North,Enterprise,Partner,Hardware,Workstation,D. Iyer,6,501.34,3008.04,1679.03,1329.01
ORD-1182,2024-01-23,2024,Q1,Jan,North,SMB,Partner,Hardware,Workstation,B. Khan,17,561.78,9550.26,5320.72,4229.54
ORD-1183,2024-12-02,2024,Q4,Dec,East,Consumer,Online,Hardware,Server,B. Khan,22,396.02,8712.44,4841.41,3871.03
ORD-1184,2024-12-16,2024,Q4,Dec,West,SMB,Direct,Services,Implementation,C. Mehta,12,1029.52,12354.24,5793.28,6560.96
ORD-1185,2024-04-13,2024,Q2,Apr,West,Enterprise,Partner,Software,BI License,A. Rao,21,1632.03,34272.63,20721.75,13550.88
ORD-1186,2024-11-27,2024,Q4,Nov,North,SMB,Partner,Software,Analytics Add-on,D. Iyer,4,1583.37,6333.48,3480.74,2852.74
ORD-1187,2024-07-23,2024,Q3,Jul,West,SMB,Partner,Hardware,Workstation,E. Nair,22,622.91,13704.02,8206.8,5497.22
ORD-1188,2024-05-16,2024,Q2,May,South,SMB,Online,Software,Support Plan,C. Mehta,6,1270.04,7620.24,5703.97,1916.27
ORD-1189,2024-06-13,2024,Q2,Jun,West,SMB,Direct,Software,BI License,F. Shah,19,1180.68,22432.92,14150.38,8282.54
ORD-1190,2024-08-15,2024,Q3,Aug,North,Enterprise,Direct,Services,Training,F. Shah,23,935.13,21507.99,12485.0,9022.99
ORD-1191,2024-11-22,2024,Q4,Nov,West,Consumer,Direct,Services,Training,B. Khan,11,1097.34,12070.74,5948.87,6121.87
ORD-1192,2024-02-04,2024,Q1,Feb,South,SMB,Online,Software,Support Plan,D. Iyer,24,1235.66,29655.84,18391.76,11264.08
ORD-1193,2024-07-08,2024,Q3,Jul,East,Enterprise,Online,Services,Training,C. Mehta,37,706.09,26125.33,14632.41,11492.92
ORD-1194,2024-05-07,2024,Q2,May,North,Consumer,Partner,Software,BI License,C. Mehta,12,1319.31,15831.72,8962.28,6869.44
ORD-1195,2024-12-26,2024,Q4,Dec,South,Consumer,Direct,Services,Consulting,B. Khan,19,973.11,18489.09,13859.21,4629.88
ORD-1196,2024-02-07,2024,Q1,Feb,East,Consumer,Online,Services,Consulting,C. Mehta,29,1118.69,32442.01,22487.31,9954.7
ORD-1197,2024-12-29,2024,Q4,Dec,South,Consumer,Partner,Software,Support Plan,E. Nair,19,1601.76,30433.44,21468.01,8965.43
ORD-1198,2024-04-24,2024,Q2,Apr,East,Enterprise,Partner,Software,BI License,E. Nair,16,1529.07,24465.12,11202.22,13262.9
ORD-1199,2024-03-07,2024,Q1,Mar,West,Enterprise,Online,Hardware,Server,D. Iyer,20,467.5,9350.0,6218.5,3131.5
ORD-1200,2024-07-28,2024,Q3,Jul,East,Enterprise,Direct,Hardware,Server,E. Nair,21,533.43,11202.03,6553.1,4648.93
ORD-1201,2024-11-23,2024,Q4,Nov,North,Enterprise,Online,Hardware,Server,B. Khan,28,495.77,13881.56,9862.34,4019.22
ORD-1202,2024-06-04,2024,Q2,Jun,East,SMB,Direct,Software,BI License,C. Mehta,15,1209.14,18137.1,13281.28,4855.82
ORD-1203,2024-04-10,2024,Q2,Apr,North,SMB,Online,Hardware,Peripheral,F. Shah,9,528.76,4758.84,3018.67,1740.17
ORD-1204,2024-03-27,2024,Q1,Mar,East,Enterprise,Online,Hardware,Peripheral,A. Rao,11,537.86,5916.46,3941.49,1974.97
ORD-1205,2024-01-15,2024,Q1,Jan,West,Consumer,Online,Software,BI License,F. Shah,37,1150.55,42570.35,21848.91,20721.44
ORD-1206,2024-01-16,2024,Q1,Jan,South,Consumer,Online,Services,Implementation,D. Iyer,19,948.12,18014.28,9739.03,8275.25
ORD-1207,2024-06-01,2024,Q2,Jun,West,Consumer,Direct,Services,Consulting,C. Mehta,4,715.88,2863.52,1645.63,1217.89
ORD-1208,2024-11-06,2024,Q4,Nov,West,Consumer,Direct,Software,Analytics Add-on,C. Mehta,21,1488.62,31261.02,22140.09,9120.93
ORD-1209,2024-09-20,2024,Q3,Sep,South,SMB,Direct,Hardware,Server,A. Rao,16,485.95,7775.2,4122.73,3652.47
ORD-1210,2024-01-26,2024,Q1,Jan,South,Consumer,Partner,Services,Training,E. Nair,27,759.17,20497.59,14544.93,5952.66
ORD-1211,2024-06-09,2024,Q2,Jun,West,SMB,Direct,Software,BI License,A. Rao,33,1296.11,42771.63,30527.08,12244.55
ORD-1212,2024-07-20,2024,Q3,Jul,East,Enterprise,Partner,Hardware,Workstation,E. Nair,14,517.5,7245.0,3366.01,3878.99
ORD-1213,2024-11-30,2024,Q4,Nov,South,SMB,Partner,Hardware,Workstation,F. Shah,35,362.21,12677.35,6113.64,6563.71
ORD-1214,2024-07-06,2024,Q3,Jul,East,Enterprise,Online,Services,Training,C. Mehta,26,664.56,17278.56,10687.57,6590.99
ORD-1215,2024-02-07,2024,Q1,Feb,North,SMB,Direct,Services,Implementation,A. Rao,36,774.27,27873.72,20814.07,7059.65
ORD-1216,2024-07-20,2024,Q3,Jul,West,Consumer,Online,Services,Training,A. Rao,24,1002.38,24057.12,12262.33,11794.79
ORD-1217,2024-01-24,2024,Q1,Jan,South,Consumer,Online,Software,BI License,E. Nair,22,1538.86,33854.92,20509.3,13345.62
ORD-1218,2024-03-12,2024,Q1,Mar,East,SMB,Online,Services,Implementation,C. Mehta,11,828.62,9114.82,5787.46,3327.36
ORD-1219,2024-09-16,2024,Q3,Sep,East,SMB,Partner,Hardware,Peripheral,F. Shah,37,440.94,16314.78,11334.28,4980.5
ORD-1220,2024-02-26,2024,Q1,Feb,South,SMB,Online,Services,Implementation,A. Rao,2,926.52,1853.04,981.48,871.56
ORD-1221,2024-10-25,2024,Q4,Oct,South,Consumer,Direct,Services,Consulting,E. Nair,40,1011.81,40472.4,22828.74,17643.66
ORD-1222,2024-12-24,2024,Q4,Dec,South,Enterprise,Partner,Software,BI License,E. Nair,29,1185.86,34389.94,17037.79,17352.15
ORD-1223,2024-11-09,2024,Q4,Nov,East,Consumer,Online,Services,Implementation,D. Iyer,4,978.77,3915.08,2370.99,1544.09
ORD-1224,2024-09-26,2024,Q3,Sep,East,Enterprise,Online,Services,Training,F. Shah,30,1077.82,32334.6,17871.27,14463.33
ORD-1225,2024-12-14,2024,Q4,Dec,East,SMB,Online,Hardware,Peripheral,C. Mehta,40,490.73,19629.2,14470.67,5158.53
ORD-1226,2024-04-25,2024,Q2,Apr,West,Consumer,Partner,Services,Training,E. Nair,14,971.32,13598.48,8114.23,5484.25
ORD-1227,2024-05-20,2024,Q2,May,East,Consumer,Direct,Services,Consulting,C. Mehta,35,822.25,28778.75,21412.78,7365.97
ORD-1228,2024-01-22,2024,Q1,Jan,West,Enterprise,Direct,Services,Implementation,B. Khan,23,1083.52,24920.96,16118.67,8802.29
ORD-1229,2024-10-02,2024,Q4,Oct,South,Consumer,Direct,Services,Implementation,A. Rao,18,705.89,12706.02,8064.55,4641.47
ORD-1230,2024-12-08,2024,Q4,Dec,West,Consumer,Direct,Hardware,Server,F. Shah,15,374.17,5612.55,3221.55,2391.0
ORD-1231,2024-03-11,2024,Q1,Mar,West,Enterprise,Partner,Software,Support Plan,F. Shah,27,1430.08,38612.16,27576.58,11035.58
ORD-1232,2024-04-12,2024,Q2,Apr,South,SMB,Online,Services,Training,F. Shah,4,1075.81,4303.24,2051.95,2251.29
ORD-1233,2024-01-20,2024,Q1,Jan,West,Enterprise,Direct,Software,Analytics Add-on,F. Shah,3,1677.96,5033.88,2864.77,2169.11
ORD-1234,2024-05-28,2024,Q2,May,East,SMB,Partner,Software,BI License,D. Iyer,37,1394.0,51578.0,37576.45,14001.55
ORD-1235,2024-11-24,2024,Q4,Nov,South,SMB,Direct,Hardware,Peripheral,C. Mehta,9,589.79,5308.11,3133.94,2174.17
ORD-1236,2024-03-24,2024,Q1,Mar,East,Consumer,Partner,Hardware,Workstation,E. Nair,17,554.02,9418.34,4278.05,5140.29
ORD-1237,2024-12-11,2024,Q4,Dec,North,Consumer,Partner,Software,BI License,F. Shah,26,1555.43,40441.18,24450.1,15991.08
ORD-1238,2024-02-18,2024,Q1,Feb,West,SMB,Direct,Software,BI License,D. Iyer,21,1633.79,34309.59,15509.62,18799.97
ORD-1239,2024-05-16,2024,Q2,May,South,Consumer,Direct,Services,Training,F. Shah,37,645.49,23883.13,15431.01,8452.12
ORD-1240,2024-03-01,2024,Q1,Mar,East,Enterprise,Online,Services,Training,A. Rao,26,969.32,25202.32,18320.37,6881.95
ORD-1241,2024-11-23,2024,Q4,Nov,South,Consumer,Partner,Services,Training,F. Shah,15,745.18,11177.7,5477.86,5699.84
ORD-1242,2024-11-06,2024,Q4,Nov,South,Consumer,Direct,Services,Training,F. Shah,36,1078.14,38813.04,26284.39,12528.65
ORD-1243,2024-11-01,2024,Q4,Nov,North,SMB,Direct,Software,Support Plan,E. Nair,34,1466.71,49868.14,23609.11,26259.03
ORD-1244,2024-09-15,2024,Q3,Sep,West,Consumer,Direct,Software,Support Plan,F. Shah,10,1078.47,10784.7,7617.73,3166.97
ORD-1245,2024-04-15,2024,Q2,Apr,North,SMB,Partner,Hardware,Peripheral,B. Khan,6,602.7,3616.2,2110.58,1505.62
ORD-1246,2024-09-19,2024,Q3,Sep,East,Consumer,Online,Services,Training,A. Rao,4,908.22,3632.88,2368.02,1264.86
ORD-1247,2024-07-21,2024,Q3,Jul,East,Consumer,Online,Services,Consulting,A. Rao,14,917.59,12846.26,5955.36,6890.9
ORD-1248,2024-10-04,2024,Q4,Oct,South,SMB,Online,Software,BI License,F. Shah,3,1166.71,3500.13,1764.05,1736.08
ORD-1249,2024-11-26,2024,Q4,Nov,West,SMB,Direct,Services,Training,F. Shah,29,1057.42,30665.18,22141.19,8523.99
ORD-1250,2024-12-04,2024,Q4,Dec,West,Consumer,Online,Hardware,Server,B. Khan,23,392.03,9016.69,6743.17,2273.52
ORD-1251,2024-04-24,2024,Q2,Apr,West,SMB,Direct,Software,BI License,B. Khan,30,1444.92,43347.6,26586.54,16761.06
ORD-1252,2024-08-23,2024,Q3,Aug,North,SMB,Direct,Services,Consulting,F. Shah,13,1089.96,14169.48,9458.23,4711.25
ORD-1253,2024-08-02,2024,Q3,Aug,West,Enterprise,Online,Hardware,Server,F. Shah,14,378.17,5294.38,3325.84,1968.54
ORD-1254,2024-12-26,2024,Q4,Dec,South,Consumer,Direct,Software,BI License,B. Khan,3,1249.63,3748.89,1950.55,1798.34
ORD-1255,2024-09-14,2024,Q3,Sep,East,Consumer,Direct,Services,Consulting,C. Mehta,37,793.07,29343.59,18468.13,10875.46
ORD-1256,2024-03-14,2024,Q1,Mar,South,Enterprise,Online,Hardware,Peripheral,F. Shah,27,441.14,11910.78,5577.67,6333.11
ORD-1257,2024-08-06,2024,Q3,Aug,East,Enterprise,Online,Hardware,Workstation,D. Iyer,23,614.23,14127.29,9202.56,4924.73
ORD-1258,2024-07-28,2024,Q3,Jul,South,SMB,Partner,Software,Analytics Add-on,F. Shah,12,1503.18,18038.16,10679.59,7358.57
ORD-1259,2024-03-14,2024,Q1,Mar,South,Consumer,Partner,Services,Consulting,B. Khan,27,1104.54,29822.58,18406.08,11416.5
ORD-1260,2024-05-10,2024,Q2,May,North,Consumer,Online,Software,Analytics Add-on,F. Shah,6,1624.0,9744.0,6861.14,2882.86
ORD-1261,2024-04-07,2024,Q2,Apr,South,SMB,Online,Software,Analytics Add-on,F. Shah,39,1394.1,54369.9,38716.05,15653.85
ORD-1262,2024-12-09,2024,Q4,Dec,North,SMB,Direct,Hardware,Server,B. Khan,14,594.76,8326.64,4578.73,3747.91
ORD-1263,2024-03-01,2024,Q1,Mar,South,Enterprise,Online,Hardware,Workstation,C. Mehta,39,550.02,21450.78,12205.27,9245.51
ORD-1264,2024-05-24,2024,Q2,May,West,Consumer,Partner,Services,Training,A. Rao,23,788.04,18124.92,10111.77,8013.15
ORD-1265,2024-08-28,2024,Q3,Aug,South,SMB,Online,Services,Consulting,B. Khan,21,838.69,17612.49,10897.86,6714.63
ORD-1266,2024-01-09,2024,Q1,Jan,South,Consumer,Partner,Services,Implementation,B. Khan,38,985.61,37453.18,20170.7,17282.48
ORD-1267,2024-07-13,2024,Q3,Jul,East,SMB,Partner,Hardware,Server,F. Shah,36,536.74,19322.64,12665.1,6657.54
ORD-1268,2024-11-24,2024,Q4,Nov,South,SMB,Online,Hardware,Workstation,E. Nair,11,557.85,6136.35,3409.68,2726.67
ORD-1269,2024-09-07,2024,Q3,Sep,North,Consumer,Online,Software,Support Plan,A. Rao,4,1337.24,5348.96,3753.48,1595.48
ORD-1270,2024-01-04,2024,Q1,Jan,South,Consumer,Online,Services,Consulting,D. Iyer,15,672.62,10089.3,4997.32,5091.98
ORD-1271,2024-07-10,2024,Q3,Jul,North,Consumer,Direct,Software,Support Plan,E. Nair,40,1617.18,64687.2,41903.42,22783.78
ORD-1272,2024-10-09,2024,Q4,Oct,East,Enterprise,Direct,Services,Consulting,E. Nair,34,986.65,33546.1,20487.32,13058.78
ORD-1273,2024-12-23,2024,Q4,Dec,South,Enterprise,Direct,Hardware,Workstation,E. Nair,7,607.87,4255.09,2584.18,1670.91
ORD-1274,2024-09-26,2024,Q3,Sep,West,SMB,Online,Services,Training,B. Khan,26,677.93,17626.18,13004.41,4621.77
ORD-1275,2024-12-22,2024,Q4,Dec,North,Consumer,Direct,Software,Analytics Add-on,D. Iyer,6,1430.69,8584.14,6072.99,2511.15
ORD-1276,2024-07-13,2024,Q3,Jul,North,SMB,Partner,Services,Implementation,D. Iyer,4,945.64,3782.56,2499.72,1282.84
ORD-1277,2024-11-26,2024,Q4,Nov,West,Enterprise,Partner,Services,Implementation,A. Rao,34,1081.19,36760.46,19076.1,17684.36
ORD-1278,2024-02-08,2024,Q1,Feb,East,Consumer,Direct,Hardware,Workstation,B. Khan,37,537.69,19894.53,10022.99,9871.54
ORD-1279,2024-10-27,2024,Q4,Oct,West,SMB,Online,Software,Support Plan,E. Nair,5,1175.48,5877.4,3639.21,2238.19
ORD-1280,2024-06-18,2024,Q2,Jun,North,Enterprise,Direct,Services,Implementation,D. Iyer,6,880.38,5282.28,3921.02,1361.26
ORD-1281,2024-04-28,2024,Q2,Apr,East,Consumer,Direct,Software,Analytics Add-on,F. Shah,40,1647.5,65900.0,37497.82,28402.18
ORD-1282,2024-05-19,2024,Q2,May,South,Enterprise,Online,Services,Training,E. Nair,23,905.46,20825.58,11717.06,9108.52
ORD-1283,2024-12-04,2024,Q4,Dec,North,Consumer,Partner,Services,Consulting,B. Khan,19,1023.07,19438.33,12905.74,6532.59
ORD-1284,2024-07-13,2024,Q3,Jul,North,Enterprise,Partner,Hardware,Peripheral,D. Iyer,25,445.5,11137.5,5367.89,5769.61
ORD-1285,2024-07-03,2024,Q3,Jul,West,Enterprise,Direct,Services,Consulting,A. Rao,6,729.95,4379.7,2560.61,1819.09
ORD-1286,2024-02-15,2024,Q1,Feb,West,Enterprise,Direct,Services,Implementation,C. Mehta,39,927.06,36155.34,19788.87,16366.47
ORD-1287,2024-07-30,2024,Q3,Jul,South,Consumer,Online,Services,Consulting,D. Iyer,36,1074.5,38682.0,28758.21,9923.79
ORD-1288,2024-03-27,2024,Q1,Mar,West,SMB,Partner,Software,Analytics Add-on,D. Iyer,18,1315.05,23670.9,11101.18,12569.72
ORD-1289,2024-06-02,2024,Q2,Jun,West,SMB,Online,Services,Consulting,E. Nair,17,1093.23,18584.91,12382.56,6202.35
ORD-1290,2024-04-10,2024,Q2,Apr,West,Enterprise,Partner,Services,Consulting,D. Iyer,20,643.25,12865.0,7316.42,5548.58
ORD-1291,2024-06-20,2024,Q2,Jun,South,Consumer,Partner,Services,Implementation,C. Mehta,9,784.21,7057.89,4453.27,2604.62
ORD-1292,2024-03-31,2024,Q1,Mar,East,SMB,Partner,Services,Training,C. Mehta,32,1104.53,35344.96,24196.89,11148.07
ORD-1293,2024-07-20,2024,Q3,Jul,North,Consumer,Online,Services,Consulting,D. Iyer,13,924.27,12015.51,7373.78,4641.73
ORD-1294,2024-12-28,2024,Q4,Dec,West,SMB,Online,Software,Analytics Add-on,D. Iyer,5,1549.66,7748.3,5336.23,2412.07
ORD-1295,2024-03-12,2024,Q1,Mar,West,Enterprise,Direct,Hardware,Workstation,D. Iyer,17,537.84,9143.28,6076.36,3066.92
ORD-1296,2024-11-02,2024,Q4,Nov,West,SMB,Online,Services,Implementation,A. Rao,35,883.17,30910.95,22444.99,8465.96
ORD-1297,2024-07-03,2024,Q3,Jul,East,Consumer,Direct,Hardware,Peripheral,F. Shah,6,389.53,2337.18,1225.78,1111.4
ORD-1298,2024-11-09,2024,Q4,Nov,West,Consumer,Direct,Software,Support Plan,A. Rao,26,1656.1,43058.6,23659.8,19398.8
ORD-1299,2024-02-20,2024,Q1,Feb,South,Consumer,Partner,Services,Consulting,C. Mehta,34,907.84,30866.56,20257.7,10608.86
ORD-1300,2024-07-19,2024,Q3,Jul,West,Consumer,Direct,Services,Implementation,C. Mehta,33,712.36,23507.88,17614.71,5893.17
ORD-1301,2024-07-31,2024,Q3,Jul,South,Consumer,Online,Software,BI License,D. Iyer,10,1210.8,12108.0,6694.76,5413.24
ORD-1302,2024-06-27,2024,Q2,Jun,North,SMB,Direct,Services,Consulting,C. Mehta,29,793.08,22999.32,12421.45,10577.87
ORD-1303,2024-11-27,2024,Q4,Nov,East,Enterprise,Online,Software,Support Plan,D. Iyer,16,1331.52,21304.32,13114.37,8189.95
ORD-1304,2024-08-24,2024,Q3,Aug,West,Consumer,Direct,Software,Analytics Add-on,F. Shah,12,1094.2,13130.4,8497.89,4632.51
ORD-1305,2024-11-10,2024,Q4,Nov,South,Consumer,Partner,Software,Analytics Add-on,F. Shah,28,1239.96,34718.88,22963.79,11755.09
ORD-1306,2024-02-02,2024,Q1,Feb,North,Consumer,Partner,Hardware,Server,F. Shah,12,458.76,5505.12,2802.78,2702.34
ORD-1307,2024-09-07,2024,Q3,Sep,North,SMB,Partner,Hardware,Peripheral,C. Mehta,39,464.93,18132.27,10294.84,7837.43
ORD-1308,2024-08-22,2024,Q3,Aug,South,Consumer,Partner,Hardware,Server,A. Rao,20,608.04,12160.8,7625.44,4535.36
ORD-1309,2024-05-02,2024,Q2,May,West,Enterprise,Online,Services,Consulting,B. Khan,24,972.85,23348.4,14084.86,9263.54
ORD-1310,2024-10-21,2024,Q4,Oct,South,Enterprise,Online,Services,Training,B. Khan,32,945.04,30241.28,19899.67,10341.61
ORD-1311,2024-09-07,2024,Q3,Sep,East,Enterprise,Direct,Services,Consulting,D. Iyer,21,1044.15,21927.15,13941.79,7985.36
ORD-1312,2024-03-10,2024,Q1,Mar,West,Consumer,Partner,Software,Analytics Add-on,F. Shah,33,1430.21,47196.93,27031.58,20165.35
ORD-1313,2024-08-15,2024,Q3,Aug,East,Enterprise,Direct,Services,Consulting,C. Mehta,37,654.81,24227.97,16434.24,7793.73
ORD-1314,2024-04-25,2024,Q2,Apr,West,Enterprise,Online,Hardware,Workstation,E. Nair,30,512.73,15381.9,10486.83,4895.07
ORD-1315,2024-02-27,2024,Q1,Feb,North,SMB,Online,Hardware,Server,D. Iyer,35,582.29,20380.15,11414.08,8966.07
ORD-1316,2024-10-06,2024,Q4,Oct,West,Enterprise,Partner,Software,Analytics Add-on,C. Mehta,16,1174.35,18789.6,14088.33,4701.27
ORD-1317,2024-02-14,2024,Q1,Feb,East,Enterprise,Online,Services,Consulting,E. Nair,14,1029.14,14407.96,9024.82,5383.14
ORD-1318,2024-11-19,2024,Q4,Nov,North,Consumer,Online,Services,Consulting,C. Mehta,9,1016.73,9150.57,6351.04,2799.53
ORD-1319,2024-09-29,2024,Q3,Sep,East,Consumer,Online,Services,Implementation,C. Mehta,11,795.35,8748.85,5784.88,2963.97
ORD-1320,2024-09-20,2024,Q3,Sep,South,Enterprise,Online,Hardware,Server,B. Khan,27,608.07,16417.89,12276.41,4141.48
ORD-1321,2024-05-07,2024,Q2,May,West,SMB,Direct,Software,Support Plan,E. Nair,16,1508.26,24132.16,15755.17,8376.99
ORD-1322,2024-11-19,2024,Q4,Nov,North,SMB,Partner,Services,Implementation,E. Nair,25,856.96,21424.0,13713.25,7710.75
ORD-1323,2024-05-22,2024,Q2,May,North,SMB,Online,Hardware,Workstation,D. Iyer,32,448.37,14347.84,6467.17,7880.67
ORD-1324,2024-11-21,2024,Q4,Nov,West,SMB,Direct,Hardware,Peripheral,D. Iyer,5,574.83,2874.15,1636.3,1237.85
ORD-1325,2024-05-17,2024,Q2,May,West,SMB,Partner,Services,Training,F. Shah,36,917.41,33026.76,20471.39,12555.37
ORD-1326,2024-01-25,2024,Q1,Jan,South,Consumer,Partner,Software,BI License,D. Iyer,30,971.72,29151.6,21246.56,7905.04
ORD-1327,2024-01-01,2024,Q1,Jan,East,Consumer,Direct,Services,Consulting,F. Shah,9,1063.43,9570.87,5173.63,4397.24
ORD-1328,2024-07-03,2024,Q3,Jul,South,SMB,Partner,Services,Consulting,F. Shah,11,664.86,7313.46,4663.66,2649.8
ORD-1329,2024-02-16,2024,Q1,Feb,South,Enterprise,Online,Hardware,Server,F. Shah,14,488.74,6842.36,3351.46,3490.9
ORD-1330,2024-08-15,2024,Q3,Aug,West,Consumer,Online,Software,BI License,B. Khan,22,1548.32,34063.04,25426.24,8636.8
ORD-1331,2024-09-01,2024,Q3,Sep,East,SMB,Partner,Software,BI License,C. Mehta,6,1486.15,8916.9,4286.6,4630.3
ORD-1332,2024-03-11,2024,Q1,Mar,South,Consumer,Partner,Services,Consulting,C. Mehta,10,672.84,6728.4,4164.79,2563.61
ORD-1333,2024-04-19,2024,Q2,Apr,South,Enterprise,Direct,Hardware,Peripheral,A. Rao,27,526.34,14211.18,8281.07,5930.11
ORD-1334,2024-03-12,2024,Q1,Mar,South,Consumer,Direct,Software,Support Plan,C. Mehta,25,1213.11,30327.75,17554.21,12773.54
ORD-1335,2024-11-26,2024,Q4,Nov,North,Consumer,Online,Software,BI License,C. Mehta,39,1392.01,54288.39,34325.35,19963.04
ORD-1336,2024-04-15,2024,Q2,Apr,North,Consumer,Direct,Hardware,Peripheral,D. Iyer,13,561.92,7304.96,3934.91,3370.05
ORD-1337,2024-07-16,2024,Q3,Jul,North,SMB,Partner,Software,BI License,C. Mehta,39,1011.13,39434.07,28259.14,11174.93
ORD-1338,2024-03-08,2024,Q1,Mar,West,SMB,Direct,Services,Implementation,A. Rao,24,902.25,21654.0,10866.65,10787.35
ORD-1339,2024-10-27,2024,Q4,Oct,West,SMB,Online,Software,BI License,C. Mehta,14,988.68,13841.52,6479.78,7361.74
ORD-1340,2024-11-17,2024,Q4,Nov,South,SMB,Partner,Hardware,Peripheral,A. Rao,28,549.49,15385.72,7304.04,8081.68
ORD-1341,2024-06-07,2024,Q2,Jun,North,Enterprise,Partner,Software,Support Plan,F. Shah,10,1346.2,13462.0,7635.91,5826.09
ORD-1342,2024-08-11,2024,Q3,Aug,West,Enterprise,Online,Hardware,Server,E. Nair,16,383.28,6132.48,3558.95,2573.53
ORD-1343,2024-01-29,2024,Q1,Jan,North,Consumer,Direct,Services,Implementation,D. Iyer,12,697.33,8367.96,5542.69,2825.27
ORD-1344,2024-06-26,2024,Q2,Jun,East,Consumer,Online,Hardware,Peripheral,A. Rao,17,405.08,6886.36,3361.09,3525.27
ORD-1345,2024-01-16,2024,Q1,Jan,North,SMB,Partner,Services,Training,D. Iyer,34,670.66,22802.44,15133.91,7668.53
ORD-1346,2024-09-18,2024,Q3,Sep,North,SMB,Online,Services,Consulting,F. Shah,37,720.1,26643.7,13247.06,13396.64
ORD-1347,2024-02-29,2024,Q1,Feb,South,Consumer,Direct,Software,Support Plan,D. Iyer,1,991.71,991.71,703.0,288.71
ORD-1348,2024-07-05,2024,Q3,Jul,West,Enterprise,Direct,Services,Consulting,C. Mehta,3,905.38,2716.14,1966.99,749.15
ORD-1349,2024-05-07,2024,Q2,May,North,SMB,Online,Services,Implementation,F. Shah,18,1036.48,18656.64,11594.37,7062.27
ORD-1350,2024-01-27,2024,Q1,Jan,West,Consumer,Partner,Software,BI License,C. Mehta,3,1646.94,4940.82,2325.53,2615.29
ORD-1351,2024-06-16,2024,Q2,Jun,East,SMB,Online,Software,Support Plan,E. Nair,1,1225.62,1225.62,658.74,566.88
ORD-1352,2024-05-04,2024,Q2,May,South,Consumer,Direct,Services,Training,A. Rao,32,1118.94,35806.08,24447.17,11358.91
ORD-1353,2024-07-28,2024,Q3,Jul,North,Consumer,Partner,Software,BI License,A. Rao,23,1417.88,32611.24,21459.44,11151.8
ORD-1354,2024-12-02,2024,Q4,Dec,South,Consumer,Partner,Services,Implementation,D. Iyer,20,689.9,13798.0,8402.21,5395.79
ORD-1355,2024-01-31,2024,Q1,Jan,West,SMB,Online,Software,Support Plan,C. Mehta,6,991.61,5949.66,3090.5,2859.16
ORD-1356,2024-08-22,2024,Q3,Aug,West,Consumer,Direct,Hardware,Server,E. Nair,7,496.47,3475.29,2228.23,1247.06
ORD-1357,2024-10-17,2024,Q4,Oct,East,Consumer,Partner,Software,Analytics Add-on,F. Shah,9,1130.48,10174.32,5375.07,4799.25
ORD-1358,2024-06-16,2024,Q2,Jun,North,SMB,Direct,Services,Training,A. Rao,15,675.85,10137.75,5178.5,4959.25
ORD-1359,2024-03-25,2024,Q1,Mar,South,SMB,Partner,Services,Training,C. Mehta,27,697.95,18844.65,10505.63,8339.02
ORD-1360,2024-08-25,2024,Q3,Aug,North,Enterprise,Direct,Services,Consulting,C. Mehta,11,1027.65,11304.15,6118.54,5185.61
ORD-1361,2024-03-16,2024,Q1,Mar,East,Enterprise,Partner,Software,Support Plan,B. Khan,23,1245.3,28641.9,13309.47,15332.43
ORD-1362,2024-01-16,2024,Q1,Jan,South,Consumer,Direct,Services,Training,A. Rao,36,759.93,27357.48,16102.97,11254.51
ORD-1363,2024-02-01,2024,Q1,Feb,North,Enterprise,Online,Software,BI License,E. Nair,26,1228.01,31928.26,20405.01,11523.25
ORD-1364,2024-05-12,2024,Q2,May,South,Enterprise,Direct,Software,BI License,C. Mehta,13,1609.8,20927.4,12201.29,8726.11
ORD-1365,2024-03-03,2024,Q1,Mar,West,Enterprise,Partner,Software,Analytics Add-on,A. Rao,11,1625.37,17879.07,10368.91,7510.16
ORD-1366,2024-07-14,2024,Q3,Jul,East,Enterprise,Partner,Hardware,Workstation,B. Khan,23,417.97,9613.31,4865.73,4747.58
ORD-1367,2024-01-18,2024,Q1,Jan,West,Consumer,Direct,Hardware,Peripheral,A. Rao,16,534.77,8556.32,5130.95,3425.37
ORD-1368,2024-05-23,2024,Q2,May,South,SMB,Online,Services,Consulting,E. Nair,13,948.47,12330.11,8497.41,3832.7
ORD-1369,2024-01-10,2024,Q1,Jan,East,SMB,Partner,Services,Implementation,C. Mehta,31,901.37,27942.47,16637.05,11305.42
ORD-1370,2024-04-02,2024,Q2,Apr,East,Consumer,Direct,Software,Analytics Add-on,D. Iyer,15,981.1,14716.5,10201.58,4514.92
ORD-1371,2024-09-28,2024,Q3,Sep,East,Enterprise,Online,Services,Implementation,F. Shah,11,688.06,7568.66,4897.37,2671.29
ORD-1372,2024-01-29,2024,Q1,Jan,South,SMB,Direct,Software,Support Plan,B. Khan,23,1633.35,37567.05,28079.96,9487.09
ORD-1373,2024-10-30,2024,Q4,Oct,East,Consumer,Online,Services,Implementation,E. Nair,23,1078.71,24810.33,11374.59,13435.74
ORD-1374,2024-03-13,2024,Q1,Mar,North,SMB,Direct,Hardware,Server,B. Khan,35,443.44,15520.4,9267.71,6252.69
ORD-1375,2024-11-04,2024,Q4,Nov,South,Consumer,Direct,Software,BI License,C. Mehta,31,960.49,29775.19,21598.0,8177.19
ORD-1376,2024-03-31,2024,Q1,Mar,North,Enterprise,Online,Services,Consulting,C. Mehta,10,921.57,9215.7,6682.92,2532.78
ORD-1377,2024-02-07,2024,Q1,Feb,East,Consumer,Direct,Services,Implementation,B. Khan,26,921.29,23953.54,13197.64,10755.9
ORD-1378,2024-08-11,2024,Q3,Aug,East,Consumer,Direct,Hardware,Workstation,F. Shah,21,407.03,8547.63,6330.57,2217.06
ORD-1379,2024-10-28,2024,Q4,Oct,West,SMB,Online,Software,Analytics Add-on,A. Rao,19,1051.69,19982.11,13361.02,6621.09
ORD-1380,2024-04-03,2024,Q2,Apr,West,Consumer,Direct,Hardware,Workstation,C. Mehta,15,532.7,7990.5,3845.29,4145.21
ORD-1381,2024-02-09,2024,Q1,Feb,East,SMB,Partner,Software,Analytics Add-on,A. Rao,11,1418.05,15598.55,11526.14,4072.41
ORD-1382,2024-05-15,2024,Q2,May,North,Consumer,Direct,Software,BI License,D. Iyer,5,1212.35,6061.75,4159.0,1902.75
ORD-1383,2024-08-12,2024,Q3,Aug,West,Enterprise,Direct,Hardware,Workstation,D. Iyer,27,493.13,13314.51,7504.24,5810.27
ORD-1384,2024-10-22,2024,Q4,Oct,North,Enterprise,Partner,Hardware,Peripheral,A. Rao,11,481.85,5300.35,3655.96,1644.39
ORD-1385,2024-06-12,2024,Q2,Jun,North,Enterprise,Online,Services,Consulting,A. Rao,22,721.65,15876.3,8932.6,6943.7
ORD-1386,2024-06-22,2024,Q2,Jun,West,SMB,Direct,Hardware,Peripheral,A. Rao,2,476.46,952.92,615.67,337.25
ORD-1387,2024-02-21,2024,Q1,Feb,East,Enterprise,Online,Services,Consulting,C. Mehta,27,974.65,26315.55,17542.25,8773.3
ORD-1388,2024-06-01,2024,Q2,Jun,South,Enterprise,Direct,Software,BI License,C. Mehta,26,1371.67,35663.42,25034.16,10629.26
ORD-1389,2024-01-02,2024,Q1,Jan,South,SMB,Direct,Services,Consulting,F. Shah,39,870.56,33951.84,16266.19,17685.65
ORD-1390,2024-05-29,2024,Q2,May,East,Enterprise,Direct,Software,Analytics Add-on,F. Shah,20,1525.11,30502.2,18035.44,12466.76
ORD-1391,2024-10-05,2024,Q4,Oct,East,SMB,Partner,Services,Consulting,D. Iyer,25,817.31,20432.75,11927.26,8505.49
ORD-1392,2024-05-14,2024,Q2,May,North,Consumer,Direct,Software,Analytics Add-on,F. Shah,4,1068.81,4275.24,2817.13,1458.11
ORD-1393,2024-06-25,2024,Q2,Jun,West,Consumer,Online,Hardware,Workstation,F. Shah,15,509.47,7642.05,5366.55,2275.5
ORD-1394,2024-08-31,2024,Q3,Aug,North,SMB,Online,Hardware,Server,E. Nair,20,381.32,7626.4,5497.36,2129.04
ORD-1395,2024-09-21,2024,Q3,Sep,South,Consumer,Direct,Hardware,Peripheral,B. Khan,10,392.48,3924.8,2657.7,1267.1
ORD-1396,2024-04-08,2024,Q2,Apr,South,SMB,Online,Software,BI License,C. Mehta,6,1671.56,10029.36,5823.23,4206.13
ORD-1397,2024-06-12,2024,Q2,Jun,East,Enterprise,Online,Hardware,Server,D. Iyer,25,510.22,12755.5,7852.49,4903.01
ORD-1398,2024-01-07,2024,Q1,Jan,South,Consumer,Direct,Hardware,Peripheral,E. Nair,34,571.06,19416.04,9392.62,10023.42
ORD-1399,2024-10-28,2024,Q4,Oct,East,Enterprise,Partner,Hardware,Server,C. Mehta,37,570.48,21107.76,14474.09,6633.67
ORD-1400,2024-07-15,2024,Q3,Jul,West,Consumer,Direct,Hardware,Workstation,E. Nair,39,487.72,19021.08,9542.11,9478.97
ORD-1401,2024-11-07,2024,Q4,Nov,South,SMB,Direct,Hardware,Peripheral,F. Shah,3,466.86,1400.58,999.58,401.0
ORD-1402,2024-08-31,2024,Q3,Aug,East,Enterprise,Partner,Services,Training,F. Shah,22,1032.35,22711.7,12285.13,10426.57
ORD-1403,2024-12-16,2024,Q4,Dec,East,Enterprise,Partner,Software,BI License,F. Shah,20,1661.44,33228.8,19370.17,13858.63
ORD-1404,2024-08-01,2024,Q3,Aug,West,Enterprise,Online,Hardware,Peripheral,D. Iyer,13,479.26,6230.38,4510.98,1719.4
ORD-1405,2024-09-21,2024,Q3,Sep,West,Consumer,Direct,Services,Consulting,E. Nair,11,671.5,7386.5,4896.3,2490.2
ORD-1406,2024-10-18,2024,Q4,Oct,West,Enterprise,Direct,Software,BI License,C. Mehta,13,1562.62,20314.06,10661.78,9652.28
ORD-1407,2024-12-26,2024,Q4,Dec,North,SMB,Online,Software,Analytics Add-on,A. Rao,30,1323.69,39710.7,25439.59,14271.11
ORD-1408,2024-05-03,2024,Q2,May,East,Consumer,Partner,Services,Training,B. Khan,29,725.24,21031.96,14956.76,6075.2
ORD-1409,2024-05-12,2024,Q2,May,South,Enterprise,Direct,Hardware,Peripheral,F. Shah,19,367.41,6980.79,3245.34,3735.45
ORD-1410,2024-04-25,2024,Q2,Apr,North,SMB,Partner,Hardware,Server,B. Khan,27,498.59,13461.93,9549.74,3912.19
ORD-1411,2024-11-27,2024,Q4,Nov,East,Enterprise,Online,Software,Support Plan,F. Shah,15,1141.72,17125.8,11842.93,5282.87
ORD-1412,2024-11-25,2024,Q4,Nov,East,SMB,Online,Services,Training,E. Nair,23,860.32,19787.36,10199.65,9587.71
ORD-1413,2024-11-15,2024,Q4,Nov,East,Enterprise,Online,Services,Implementation,F. Shah,1,885.53,885.53,574.45,311.08
ORD-1414,2024-10-31,2024,Q4,Oct,East,SMB,Online,Hardware,Workstation,C. Mehta,7,490.07,3430.49,1889.81,1540.68
ORD-1415,2024-05-21,2024,Q2,May,South,Consumer,Direct,Services,Implementation,E. Nair,20,730.41,14608.2,8840.71,5767.49
ORD-1416,2024-07-25,2024,Q3,Jul,East,Consumer,Partner,Hardware,Workstation,D. Iyer,9,554.75,4992.75,3228.41,1764.34
ORD-1417,2024-07-26,2024,Q3,Jul,South,Enterprise,Partner,Services,Implementation,F. Shah,38,979.87,37235.06,23145.79,14089.27
ORD-1418,2024-12-31,2024,Q4,Dec,East,Consumer,Direct,Software,Support Plan,F. Shah,31,1612.7,49993.7,32573.92,17419.78
ORD-1419,2024-10-12,2024,Q4,Oct,South,Enterprise,Online,Software,Analytics Add-on,C. Mehta,31,1052.12,32615.72,17207.91,15407.81
ORD-1420,2024-12-01,2024,Q4,Dec,East,SMB,Partner,Software,BI License,C. Mehta,15,1495.83,22437.45,12163.92,10273.53
ORD-1421,2024-10-26,2024,Q4,Oct,North,Enterprise,Partner,Services,Training,B. Khan,31,665.76,20638.56,13215.26,7423.3
ORD-1422,2024-09-13,2024,Q3,Sep,South,SMB,Direct,Software,Support Plan,B. Khan,34,1174.82,39943.88,18622.58,21321.3
ORD-1423,2024-06-24,2024,Q2,Jun,North,SMB,Partner,Services,Implementation,C. Mehta,10,791.86,7918.6,5263.5,2655.1
ORD-1424,2024-11-19,2024,Q4,Nov,South,Consumer,Online,Software,Analytics Add-on,B. Khan,4,963.39,3853.56,2050.32,1803.24
ORD-1425,2024-09-07,2024,Q3,Sep,West,Consumer,Partner,Software,BI License,A. Rao,28,1416.11,39651.08,22641.48,17009.6
ORD-1426,2024-01-20,2024,Q1,Jan,South,Consumer,Direct,Hardware,Server,F. Shah,24,616.52,14796.48,10617.98,4178.5
ORD-1427,2024-01-03,2024,Q1,Jan,South,Enterprise,Direct,Hardware,Peripheral,D. Iyer,15,547.25,8208.75,4541.94,3666.81
ORD-1428,2024-09-14,2024,Q3,Sep,East,Enterprise,Partner,Hardware,Workstation,F. Shah,5,582.44,2912.2,1571.02,1341.18
ORD-1429,2024-09-23,2024,Q3,Sep,East,SMB,Partner,Hardware,Peripheral,C. Mehta,28,599.75,16793.0,12571.94,4221.06
ORD-1430,2024-04-06,2024,Q2,Apr,South,Enterprise,Online,Software,Analytics Add-on,A. Rao,15,1121.51,16822.65,12540.68,4281.97
ORD-1431,2024-10-28,2024,Q4,Oct,West,Enterprise,Online,Hardware,Server,C. Mehta,24,552.0,13248.0,9109.83,4138.17
ORD-1432,2024-09-30,2024,Q3,Sep,North,Consumer,Direct,Hardware,Server,F. Shah,4,538.73,2154.92,1392.23,762.69
ORD-1433,2024-02-29,2024,Q1,Feb,South,SMB,Direct,Services,Training,F. Shah,8,902.7,7221.6,4277.49,2944.11
ORD-1434,2024-12-17,2024,Q4,Dec,East,SMB,Online,Hardware,Server,E. Nair,27,538.65,14543.55,9435.05,5108.5
ORD-1435,2024-12-24,2024,Q4,Dec,North,Enterprise,Direct,Software,Analytics Add-on,D. Iyer,33,1477.51,48757.83,23663.17,25094.66
ORD-1436,2024-04-11,2024,Q2,Apr,West,SMB,Partner,Hardware,Server,B. Khan,34,622.74,21173.16,11801.42,9371.74
ORD-1437,2024-01-21,2024,Q1,Jan,North,Enterprise,Direct,Hardware,Workstation,E. Nair,31,449.26,13927.06,6278.62,7648.44
ORD-1438,2024-12-08,2024,Q4,Dec,East,Enterprise,Online,Services,Consulting,B. Khan,33,676.02,22308.66,14881.5,7427.16
ORD-1439,2024-08-21,2024,Q3,Aug,North,SMB,Partner,Services,Training,C. Mehta,4,687.91,2751.64,1382.45,1369.19
ORD-1440,2024-12-12,2024,Q4,Dec,North,Consumer,Direct,Services,Training,B. Khan,8,685.6,5484.8,3715.74,1769.06
ORD-1441,2024-12-05,2024,Q4,Dec,East,SMB,Online,Hardware,Server,A. Rao,23,601.52,13834.96,10189.82,3645.14
ORD-1442,2024-07-09,2024,Q3,Jul,West,Enterprise,Online,Services,Consulting,D. Iyer,26,832.12,21635.12,12698.98,8936.14
ORD-1443,2024-08-03,2024,Q3,Aug,South,Enterprise,Direct,Hardware,Server,D. Iyer,9,547.97,4931.73,2306.05,2625.68
ORD-1444,2024-10-29,2024,Q4,Oct,East,Consumer,Online,Services,Implementation,A. Rao,29,727.01,21083.29,11889.4,9193.89
ORD-1445,2024-12-16,2024,Q4,Dec,North,SMB,Direct,Hardware,Server,C. Mehta,32,390.49,12495.68,7164.84,5330.84
ORD-1446,2024-12-01,2024,Q4,Dec,South,Consumer,Online,Services,Consulting,C. Mehta,34,1008.41,34285.94,21359.96,12925.98
ORD-1447,2024-09-22,2024,Q3,Sep,South,Consumer,Partner,Hardware,Peripheral,C. Mehta,40,385.72,15428.8,10005.79,5423.01
ORD-1448,2024-12-05,2024,Q4,Dec,North,SMB,Direct,Hardware,Peripheral,F. Shah,10,586.54,5865.4,3621.9,2243.5
ORD-1449,2024-03-21,2024,Q1,Mar,South,SMB,Partner,Hardware,Workstation,C. Mehta,11,380.21,4182.31,2498.91,1683.4
ORD-1450,2024-01-26,2024,Q1,Jan,West,Consumer,Partner,Hardware,Server,E. Nair,25,468.88,11722.0,6101.3,5620.7
ORD-1451,2024-08-17,2024,Q3,Aug,North,SMB,Direct,Software,Analytics Add-on,D. Iyer,21,1045.47,21954.87,13155.62,8799.25
ORD-1452,2024-07-30,2024,Q3,Jul,East,Consumer,Online,Software,Support Plan,E. Nair,1,1554.65,1554.65,1068.88,485.77
ORD-1453,2024-04-15,2024,Q2,Apr,South,SMB,Partner,Hardware,Peripheral,C. Mehta,22,458.1,10078.2,4699.29,5378.91
ORD-1454,2024-10-13,2024,Q4,Oct,South,SMB,Direct,Hardware,Peripheral,C. Mehta,24,553.3,13279.2,6429.88,6849.32
ORD-1455,2024-06-30,2024,Q2,Jun,South,Consumer,Partner,Hardware,Workstation,B. Khan,34,460.95,15672.3,7552.43,8119.87
ORD-1456,2024-07-28,2024,Q3,Jul,West,Consumer,Direct,Software,Analytics Add-on,D. Iyer,13,1095.03,14235.39,10378.52,3856.87
ORD-1457,2024-04-07,2024,Q2,Apr,North,Enterprise,Partner,Hardware,Workstation,D. Iyer,27,372.56,10059.12,6437.56,3621.56
ORD-1458,2024-12-03,2024,Q4,Dec,West,Enterprise,Online,Hardware,Peripheral,D. Iyer,32,361.17,11557.44,7753.47,3803.97
ORD-1459,2024-09-17,2024,Q3,Sep,West,Consumer,Online,Software,Support Plan,E. Nair,12,1485.96,17831.52,8710.96,9120.56
ORD-1460,2024-11-06,2024,Q4,Nov,South,SMB,Partner,Services,Implementation,D. Iyer,27,1110.16,29974.32,21724.58,8249.74
ORD-1461,2024-06-24,2024,Q2,Jun,East,Enterprise,Online,Services,Training,E. Nair,9,838.12,7543.08,4978.47,2564.61
ORD-1462,2024-06-09,2024,Q2,Jun,East,Consumer,Online,Hardware,Peripheral,C. Mehta,14,414.24,5799.36,3695.64,2103.72
ORD-1463,2024-12-10,2024,Q4,Dec,East,Consumer,Online,Software,Support Plan,A. Rao,12,1322.8,15873.6,10449.49,5424.11
ORD-1464,2024-06-29,2024,Q2,Jun,East,Consumer,Partner,Hardware,Workstation,A. Rao,37,614.52,22737.24,15075.63,7661.61
ORD-1465,2024-09-24,2024,Q3,Sep,East,SMB,Direct,Software,BI License,C. Mehta,10,998.21,9982.1,4661.46,5320.64
ORD-1466,2024-12-15,2024,Q4,Dec,East,Enterprise,Partner,Services,Consulting,A. Rao,19,737.92,14020.48,8585.46,5435.02
ORD-1467,2024-11-11,2024,Q4,Nov,South,Consumer,Online,Hardware,Peripheral,F. Shah,15,560.45,8406.75,5198.58,3208.17
ORD-1468,2024-05-27,2024,Q2,May,East,Enterprise,Online,Hardware,Peripheral,A. Rao,25,464.64,11616.0,8561.12,3054.88
ORD-1469,2024-01-07,2024,Q1,Jan,West,Enterprise,Direct,Hardware,Workstation,F. Shah,40,594.59,23783.6,16841.96,6941.64
ORD-1470,2024-12-26,2024,Q4,Dec,South,SMB,Partner,Hardware,Peripheral,D. Iyer,38,507.59,19288.42,12171.3,7117.12
ORD-1471,2024-03-31,2024,Q1,Mar,North,Enterprise,Partner,Hardware,Server,C. Mehta,12,558.47,6701.64,3255.7,3445.94
ORD-1472,2024-10-11,2024,Q4,Oct,West,Enterprise,Online,Services,Consulting,B. Khan,38,1046.09,39751.42,17955.46,21795.96
ORD-1473,2024-01-21,2024,Q1,Jan,East,Consumer,Partner,Software,Analytics Add-on,E. Nair,4,1517.04,6068.16,3869.12,2199.04
ORD-1474,2024-10-08,2024,Q4,Oct,North,Consumer,Online,Services,Consulting,B. Khan,21,892.19,18735.99,13810.23,4925.76
ORD-1475,2024-07-31,2024,Q3,Jul,East,SMB,Partner,Hardware,Peripheral,C. Mehta,6,454.34,2726.04,1949.17,776.87
ORD-1476,2024-05-30,2024,Q2,May,North,Consumer,Direct,Software,Support Plan,F. Shah,31,1677.57,52004.67,36252.79,15751.88
ORD-1477,2024-06-26,2024,Q2,Jun,North,Consumer,Online,Services,Consulting,C. Mehta,40,1080.93,43237.2,22619.46,20617.74
ORD-1478,2024-07-14,2024,Q3,Jul,East,SMB,Online,Software,Analytics Add-on,E. Nair,35,1481.26,51844.1,23714.1,28130.0
ORD-1479,2024-08-16,2024,Q3,Aug,North,SMB,Direct,Services,Consulting,E. Nair,13,793.75,10318.75,4898.35,5420.4
ORD-1480,2024-09-30,2024,Q3,Sep,West,Enterprise,Direct,Software,Support Plan,B. Khan,14,1442.64,20196.96,13775.84,6421.12
ORD-1481,2024-10-02,2024,Q4,Oct,West,SMB,Online,Hardware,Peripheral,C. Mehta,5,561.66,2808.3,1393.27,1415.03
ORD-1482,2024-01-20,2024,Q1,Jan,South,Enterprise,Partner,Software,BI License,D. Iyer,12,1531.83,18381.96,11349.49,7032.47
ORD-1483,2024-07-17,2024,Q3,Jul,North,SMB,Online,Services,Implementation,A. Rao,28,791.87,22172.36,12568.41,9603.95
ORD-1484,2024-11-24,2024,Q4,Nov,East,Enterprise,Online,Hardware,Peripheral,A. Rao,38,372.29,14147.02,9966.23,4180.79
ORD-1485,2024-05-28,2024,Q2,May,West,Consumer,Partner,Hardware,Workstation,F. Shah,6,436.01,2616.06,1904.51,711.55
ORD-1486,2024-01-16,2024,Q1,Jan,East,Consumer,Online,Services,Consulting,B. Khan,15,705.46,10581.9,6003.09,4578.81
ORD-1487,2024-06-01,2024,Q2,Jun,South,Consumer,Direct,Hardware,Peripheral,A. Rao,24,618.5,14844.0,6729.45,8114.55
ORD-1488,2024-01-03,2024,Q1,Jan,South,SMB,Online,Hardware,Peripheral,F. Shah,35,507.83,17774.05,8452.24,9321.81
ORD-1489,2024-06-25,2024,Q2,Jun,East,Consumer,Direct,Software,Analytics Add-on,A. Rao,33,1062.57,35064.81,17714.67,17350.14
ORD-1490,2024-04-02,2024,Q2,Apr,East,Enterprise,Online,Hardware,Peripheral,A. Rao,36,484.54,17443.44,10725.96,6717.48
ORD-1491,2024-05-08,2024,Q2,May,South,Consumer,Online,Software,BI License,F. Shah,38,1310.78,49809.64,27358.21,22451.43
ORD-1492,2024-04-30,2024,Q2,Apr,West,Consumer,Partner,Software,Analytics Add-on,E. Nair,5,1608.09,8040.45,4384.75,3655.7
ORD-1493,2024-12-03,2024,Q4,Dec,East,Consumer,Partner,Services,Implementation,B. Khan,10,911.46,9114.6,5098.23,4016.37
ORD-1494,2024-01-03,2024,Q1,Jan,East,Enterprise,Partner,Services,Consulting,D. Iyer,28,772.81,21638.68,12071.05,9567.63
ORD-1495,2024-08-16,2024,Q3,Aug,North,SMB,Partner,Services,Training,B. Khan,36,692.24,24920.64,16040.56,8880.08
ORD-1496,2024-10-02,2024,Q4,Oct,North,Consumer,Online,Software,Analytics Add-on,E. Nair,5,1483.75,7418.75,5323.93,2094.82
ORD-1497,2024-07-26,2024,Q3,Jul,West,Enterprise,Online,Hardware,Server,B. Khan,36,430.37,15493.32,11127.24,4366.08
ORD-1498,2024-07-06,2024,Q3,Jul,North,Consumer,Partner,Services,Consulting,C. Mehta,19,704.26,13380.94,8033.07,5347.87
ORD-1499,2024-09-14,2024,Q3,Sep,South,Enterprise,Partner,Software,Support Plan,B. Khan,40,1452.6,58104.0,39345.81,18758.19
ORD-1500,2024-04-01,2024,Q2,Apr,East,Consumer,Direct,Hardware,Peripheral,B. Khan,10,558.7,5587.0,3324.55,2262.45
ORD-1501,2024-09-06,2024,Q3,Sep,East,SMB,Partner,Software,BI License,D. Iyer,24,1128.49,27083.76,17620.04,9463.72
ORD-1502,2024-08-20,2024,Q3,Aug,East,Consumer,Online,Software,BI License,C. Mehta,21,1034.32,21720.72,16084.9,5635.82
ORD-1503,2024-10-23,2024,Q4,Oct,North,Enterprise,Online,Hardware,Peripheral,C. Mehta,25,536.49,13412.25,7505.35,5906.9
ORD-1504,2024-07-11,2024,Q3,Jul,West,SMB,Online,Software,Support Plan,A. Rao,23,1548.41,35613.43,19712.38,15901.05
ORD-1505,2024-09-13,2024,Q3,Sep,South,Enterprise,Direct,Software,Analytics Add-on,B. Khan,15,1015.5,15232.5,9795.15,5437.35
ORD-1506,2024-03-21,2024,Q1,Mar,East,Consumer,Online,Services,Implementation,A. Rao,8,957.33,7658.64,4399.0,3259.64
ORD-1507,2024-09-03,2024,Q3,Sep,West,SMB,Direct,Hardware,Workstation,B. Khan,14,519.51,7273.14,4685.2,2587.94
ORD-1508,2024-01-23,2024,Q1,Jan,South,Consumer,Direct,Software,Support Plan,B. Khan,11,1057.0,11627.0,7020.3,4606.7
ORD-1509,2024-05-12,2024,Q2,May,East,SMB,Direct,Software,Support Plan,B. Khan,39,1657.86,64656.54,41463.39,23193.15
ORD-1510,2024-08-17,2024,Q3,Aug,South,SMB,Online,Hardware,Workstation,B. Khan,11,419.23,4611.53,2643.47,1968.06
ORD-1511,2024-11-15,2024,Q4,Nov,West,SMB,Online,Hardware,Peripheral,E. Nair,11,555.53,6110.83,3378.08,2732.75
ORD-1512,2024-02-05,2024,Q1,Feb,West,SMB,Direct,Software,Analytics Add-on,E. Nair,9,1038.17,9343.53,4771.78,4571.75
ORD-1513,2024-02-19,2024,Q1,Feb,North,Consumer,Direct,Software,Analytics Add-on,D. Iyer,39,988.11,38536.29,26403.54,12132.75
ORD-1514,2024-12-03,2024,Q4,Dec,West,Consumer,Online,Software,Support Plan,D. Iyer,1,1605.82,1605.82,1095.91,509.91
ORD-1515,2024-07-08,2024,Q3,Jul,West,Consumer,Partner,Software,Support Plan,E. Nair,28,1125.23,31506.44,21761.18,9745.26
ORD-1516,2024-12-22,2024,Q4,Dec,North,SMB,Partner,Hardware,Server,E. Nair,9,428.72,3858.48,2622.83,1235.65
ORD-1517,2024-10-05,2024,Q4,Oct,North,Enterprise,Online,Services,Training,A. Rao,1,980.39,980.39,673.36,307.03
ORD-1518,2024-07-11,2024,Q3,Jul,West,Consumer,Online,Hardware,Server,E. Nair,21,470.39,9878.19,4761.04,5117.15
ORD-1519,2024-05-09,2024,Q2,May,West,SMB,Direct,Services,Implementation,D. Iyer,37,815.51,30173.87,16072.66,14101.21
ORD-1520,2024-10-09,2024,Q4,Oct,East,Enterprise,Online,Hardware,Workstation,C. Mehta,24,510.96,12263.04,7298.08,4964.96
ORD-1521,2024-12-27,2024,Q4,Dec,South,Enterprise,Direct,Services,Implementation,B. Khan,8,998.95,7991.6,4666.92,3324.68
ORD-1522,2024-09-17,2024,Q3,Sep,South,Consumer,Partner,Services,Training,F. Shah,40,974.59,38983.6,25808.58,13175.02
ORD-1523,2024-01-03,2024,Q1,Jan,South,SMB,Partner,Software,BI License,A. Rao,39,1273.47,49665.33,23304.17,26361.16
ORD-1524,2024-11-07,2024,Q4,Nov,North,SMB,Direct,Software,Support Plan,F. Shah,26,1402.06,36453.56,22101.85,14351.71
ORD-1525,2024-09-10,2024,Q3,Sep,South,Enterprise,Online,Services,Consulting,B. Khan,34,777.28,26427.52,12158.85,14268.67
ORD-1526,2024-12-11,2024,Q4,Dec,East,Enterprise,Partner,Software,Analytics Add-on,C. Mehta,1,1662.47,1662.47,791.42,871.05
ORD-1527,2024-12-08,2024,Q4,Dec,North,Consumer,Direct,Services,Training,E. Nair,13,888.52,11550.76,7751.46,3799.3
ORD-1528,2024-05-25,2024,Q2,May,South,Consumer,Online,Hardware,Peripheral,B. Khan,23,453.82,10437.86,7250.71,3187.15
ORD-1529,2024-08-20,2024,Q3,Aug,North,Enterprise,Online,Services,Implementation,C. Mehta,17,724.02,12308.34,7408.04,4900.3
ORD-1530,2024-06-23,2024,Q2,Jun,West,SMB,Partner,Software,Support Plan,E. Nair,35,1545.47,54091.45,33670.21,20421.24
ORD-1531,2024-09-04,2024,Q3,Sep,West,SMB,Direct,Software,Analytics Add-on,C. Mehta,30,1605.5,48165.0,34130.06,14034.94
ORD-1532,2024-02-04,2024,Q1,Feb,East,Enterprise,Online,Services,Implementation,E. Nair,15,1024.08,15361.2,8813.15,6548.05
ORD-1533,2024-01-05,2024,Q1,Jan,East,Enterprise,Direct,Hardware,Workstation,E. Nair,19,385.11,7317.09,4771.54,2545.55
ORD-1534,2024-04-01,2024,Q2,Apr,South,SMB,Partner,Services,Training,F. Shah,14,1069.27,14969.78,7944.8,7024.98
ORD-1535,2024-04-12,2024,Q2,Apr,South,Enterprise,Online,Software,Support Plan,C. Mehta,17,1108.88,18850.96,9629.64,9221.32
ORD-1536,2024-03-20,2024,Q1,Mar,North,Enterprise,Partner,Software,BI License,C. Mehta,32,1401.96,44862.72,30474.05,14388.67
ORD-1537,2024-11-13,2024,Q4,Nov,East,Consumer,Partner,Services,Training,B. Khan,18,875.59,15760.62,11746.68,4013.94
ORD-1538,2024-10-22,2024,Q4,Oct,East,Consumer,Partner,Software,BI License,F. Shah,28,1304.39,36522.92,22360.44,14162.48
ORD-1539,2024-03-30,2024,Q1,Mar,North,Consumer,Online,Services,Consulting,B. Khan,34,860.83,29268.22,19222.29,10045.93
ORD-1540,2024-07-13,2024,Q3,Jul,East,SMB,Direct,Hardware,Server,C. Mehta,24,525.45,12610.8,6657.37,5953.43
ORD-1541,2024-08-29,2024,Q3,Aug,East,SMB,Partner,Hardware,Workstation,D. Iyer,12,494.67,5936.04,3046.14,2889.9
ORD-1542,2024-05-23,2024,Q2,May,North,Consumer,Online,Services,Consulting,C. Mehta,9,1110.05,9990.45,6551.77,3438.68
ORD-1543,2024-04-30,2024,Q2,Apr,South,SMB,Partner,Hardware,Workstation,A. Rao,13,399.38,5191.94,3830.32,1361.62
ORD-1544,2024-03-31,2024,Q1,Mar,West,Enterprise,Partner,Services,Training,C. Mehta,34,896.31,30474.54,16600.04,13874.5
ORD-1545,2024-10-14,2024,Q4,Oct,East,SMB,Partner,Hardware,Server,F. Shah,7,546.45,3825.15,1790.21,2034.94
ORD-1546,2024-02-19,2024,Q1,Feb,East,SMB,Partner,Services,Implementation,A. Rao,17,813.26,13825.42,8545.56,5279.86
ORD-1547,2024-07-29,2024,Q3,Jul,South,Consumer,Partner,Software,Analytics Add-on,C. Mehta,39,1103.25,43026.75,26795.7,16231.05
ORD-1548,2024-06-15,2024,Q2,Jun,East,SMB,Partner,Hardware,Peripheral,F. Shah,29,600.2,17405.8,9822.46,7583.34
ORD-1549,2024-03-15,2024,Q1,Mar,North,SMB,Direct,Software,Support Plan,B. Khan,27,1414.52,38192.04,23736.02,14456.02
ORD-1550,2024-06-24,2024,Q2,Jun,West,SMB,Partner,Software,Analytics Add-on,D. Iyer,19,1471.51,27958.69,17659.14,10299.55
ORD-1551,2024-07-04,2024,Q3,Jul,North,Consumer,Direct,Hardware,Peripheral,F. Shah,29,471.78,13681.62,6911.49,6770.13
ORD-1552,2024-04-30,2024,Q2,Apr,North,Consumer,Direct,Hardware,Workstation,D. Iyer,6,416.85,2501.1,1423.41,1077.69
ORD-1553,2024-10-07,2024,Q4,Oct,East,SMB,Online,Software,BI License,B. Khan,34,1510.8,51367.2,24398.15,26969.05
ORD-1554,2024-02-13,2024,Q1,Feb,South,SMB,Direct,Hardware,Workstation,E. Nair,15,426.8,6402.0,3426.69,2975.31
ORD-1555,2024-03-28,2024,Q1,Mar,West,Consumer,Partner,Software,BI License,E. Nair,23,1579.47,36327.81,19891.67,16436.14
ORD-1556,2024-05-19,2024,Q2,May,West,Enterprise,Online,Hardware,Workstation,F. Shah,35,407.8,14273.0,8981.65,5291.35
ORD-1557,2024-11-23,2024,Q4,Nov,West,SMB,Partner,Hardware,Workstation,C. Mehta,31,505.71,15677.01,10839.28,4837.73
ORD-1558,2024-07-30,2024,Q3,Jul,South,SMB,Partner,Services,Consulting,C. Mehta,1,640.04,640.04,444.58,195.46
ORD-1559,2024-08-28,2024,Q3,Aug,North,Consumer,Partner,Hardware,Server,C. Mehta,32,615.68,19701.76,11685.51,8016.25
ORD-1560,2024-11-01,2024,Q4,Nov,West,Consumer,Partner,Software,BI License,B. Khan,24,1095.77,26298.48,18794.17,7504.31
ORD-1561,2024-03-24,2024,Q1,Mar,North,Consumer,Partner,Hardware,Peripheral,F. Shah,25,583.68,14592.0,7532.07,7059.93
ORD-1562,2024-05-02,2024,Q2,May,East,Consumer,Partner,Hardware,Peripheral,B. Khan,18,436.86,7863.48,5291.16,2572.32
ORD-1563,2024-02-05,2024,Q1,Feb,East,SMB,Online,Software,BI License,E. Nair,8,1418.56,11348.48,7209.9,4138.58
ORD-1564,2024-09-08,2024,Q3,Sep,South,Enterprise,Direct,Software,Analytics Add-on,C. Mehta,10,995.74,9957.4,6078.91,3878.49
ORD-1565,2024-05-17,2024,Q2,May,West,SMB,Direct,Software,Support Plan,C. Mehta,1,1127.62,1127.62,558.4,569.22
ORD-1566,2024-08-03,2024,Q3,Aug,North,SMB,Direct,Services,Training,A. Rao,30,974.53,29235.9,13434.51,15801.39
ORD-1567,2024-05-16,2024,Q2,May,East,Consumer,Partner,Services,Consulting,A. Rao,31,727.17,22542.27,16201.35,6340.92
ORD-1568,2024-03-03,2024,Q1,Mar,South,SMB,Partner,Hardware,Server,F. Shah,29,426.73,12375.17,9261.09,3114.08
ORD-1569,2024-02-18,2024,Q1,Feb,East,Enterprise,Direct,Hardware,Peripheral,F. Shah,31,465.06,14416.86,10644.89,3771.97
ORD-1570,2024-01-22,2024,Q1,Jan,South,Consumer,Partner,Hardware,Peripheral,A. Rao,8,428.39,3427.12,2198.69,1228.43
ORD-1571,2024-12-07,2024,Q4,Dec,East,Enterprise,Online,Software,BI License,A. Rao,28,1193.65,33422.2,16718.06,16704.14
ORD-1572,2024-07-21,2024,Q3,Jul,South,Enterprise,Partner,Software,BI License,A. Rao,38,1524.1,57915.8,34319.81,23595.99
ORD-1573,2024-05-07,2024,Q2,May,North,Enterprise,Direct,Software,Analytics Add-on,C. Mehta,40,1203.66,48146.4,35671.45,12474.95
ORD-1574,2024-11-26,2024,Q4,Nov,East,Consumer,Partner,Software,Support Plan,F. Shah,7,1050.6,7354.2,3822.73,3531.47
ORD-1575,2024-04-08,2024,Q2,Apr,North,SMB,Partner,Software,Support Plan,F. Shah,23,1481.57,34076.11,17897.08,16179.03
ORD-1576,2024-08-12,2024,Q3,Aug,East,Consumer,Partner,Hardware,Workstation,F. Shah,32,411.24,13159.68,6658.64,6501.04
ORD-1577,2024-08-27,2024,Q3,Aug,East,Consumer,Partner,Services,Implementation,E. Nair,11,673.06,7403.66,3675.97,3727.69
ORD-1578,2024-07-06,2024,Q3,Jul,North,Consumer,Online,Services,Consulting,C. Mehta,33,821.94,27124.02,13715.54,13408.48
ORD-1579,2024-11-13,2024,Q4,Nov,West,Consumer,Direct,Software,Analytics Add-on,E. Nair,5,1433.97,7169.85,4385.7,2784.15
ORD-1580,2024-12-15,2024,Q4,Dec,East,Enterprise,Direct,Services,Implementation,A. Rao,40,775.9,31036.0,17781.81,13254.19
ORD-1581,2024-09-24,2024,Q3,Sep,North,Enterprise,Partner,Hardware,Server,B. Khan,9,408.23,3674.07,1687.8,1986.27
ORD-1582,2024-02-20,2024,Q1,Feb,East,Consumer,Direct,Software,Support Plan,C. Mehta,25,1433.7,35842.5,21783.15,14059.35
ORD-1583,2024-04-23,2024,Q2,Apr,West,Enterprise,Direct,Hardware,Peripheral,D. Iyer,1,611.16,611.16,313.29,297.87
ORD-1584,2024-11-23,2024,Q4,Nov,North,Consumer,Online,Software,Analytics Add-on,C. Mehta,27,1551.86,41900.22,28838.87,13061.35
ORD-1585,2024-09-27,2024,Q3,Sep,North,Enterprise,Direct,Software,Support Plan,F. Shah,20,1016.11,20322.2,10461.26,9860.94
ORD-1586,2024-04-28,2024,Q2,Apr,South,Enterprise,Online,Hardware,Workstation,F. Shah,13,502.07,6526.91,3424.21,3102.7
ORD-1587,2024-10-12,2024,Q4,Oct,West,Enterprise,Direct,Services,Implementation,B. Khan,37,811.82,30037.34,17650.43,12386.91
ORD-1588,2024-04-02,2024,Q2,Apr,West,Consumer,Partner,Hardware,Workstation,C. Mehta,22,537.53,11825.66,7215.66,4610.0
ORD-1589,2024-10-08,2024,Q4,Oct,South,SMB,Online,Services,Training,E. Nair,28,1036.55,29023.4,15876.82,13146.58
ORD-1590,2024-04-19,2024,Q2,Apr,West,Consumer,Direct,Services,Implementation,F. Shah,17,812.8,13817.6,8093.26,5724.34
ORD-1591,2024-01-18,2024,Q1,Jan,North,Enterprise,Partner,Services,Implementation,B. Khan,34,704.84,23964.56,17184.92,6779.64
ORD-1592,2024-04-19,2024,Q2,Apr,South,Consumer,Direct,Services,Consulting,A. Rao,18,1081.17,19461.06,11742.44,7718.62
ORD-1593,2024-08-23,2024,Q3,Aug,South,Enterprise,Partner,Services,Consulting,C. Mehta,17,816.2,13875.4,8667.22,5208.18
ORD-1594,2024-02-17,2024,Q1,Feb,West,Consumer,Direct,Hardware,Workstation,D. Iyer,14,558.25,7815.5,5213.52,2601.98
ORD-1595,2024-12-19,2024,Q4,Dec,West,Enterprise,Direct,Hardware,Peripheral,A. Rao,39,533.41,20802.99,9594.58,11208.41
ORD-1596,2024-06-20,2024,Q2,Jun,North,SMB,Online,Services,Training,F. Shah,8,1057.5,8460.0,4382.41,4077.59
ORD-1597,2024-07-14,2024,Q3,Jul,East,Consumer,Online,Software,Analytics Add-on,F. Shah,3,1189.91,3569.73,2211.35,1358.38
ORD-1598,2024-04-23,2024,Q2,Apr,North,Consumer,Direct,Software,BI License,D. Iyer,26,1659.15,43137.9,29154.84,13983.06
ORD-1599,2024-05-28,2024,Q2,May,North,Enterprise,Online,Services,Consulting,D. Iyer,22,679.62,14951.64,9291.43,5660.21
